order_id,customer_id,product_id,quantity,order_date,status,price,revenue
1,224,6,2,2023-02-25,pago,361.8,723.6
2,37,1,3,2023-04-23,pago,223.43,670.29
3,268,1,2,2023-01-13,pago,223.43,446.86
4,183,8,3,2023-01-18,pago,471.49,1414.47
5,13,5,3,2023-07-01,pago,273.22,819.6600000000001
6,279,16,2,2023-04-23,pago,379.24,758.48
7,217,11,4,2023-08-17,pago,485.41,1941.64
8,286,5,4,2023-06-20,pago,273.22,1092.88
9,273,4,3,2023-10-22,pago,167.31,501.93
10,62,6,4,2023-07-08,pago,361.8,1447.2
11,84,14,3,2023-03-20,pago,305.83,917.49
12,217,19,4,2023-05-26,cancelado,311.24,1244.96
13,187,9,3,2023-07-01,pago,67.63,202.89
14,19,12,4,2023-10-13,pago,296.59,1186.36
15,177,11,1,2023-09-07,pago,485.41,485.41
16,100,14,2,2023-12-20,pago,305.83,611.66
17,233,16,1,2023-11-10,pago,379.24,379.24
18,76,1,2,2023-07-15,pago,223.43,446.86
19,265,13,2,2023-11-19,pago,240.56,481.12
20,284,13,3,2023-03-12,pago,240.56,721.6800000000001
21,206,2,2,2023-09-05,pago,356.73,713.46
22,223,4,1,2023-05-26,pago,167.31,167.31
23,52,6,1,2023-04-16,pago,361.8,361.8
24,144,5,4,2023-09-20,pago,273.22,1092.88
25,69,3,1,2023-10-23,pago,203.28,203.28
26,99,1,4,2023-03-11,pago,223.43,893.72
27,25,4,2,2023-07-12,pago,167.31,334.62
28,53,20,1,2023-03-09,pago,440.2,440.2
29,151,2,2,2023-11-01,pago,356.73,713.46
30,144,5,1,2023-02-21,cancelado,273.22,273.22
31,57,3,1,2023-12-29,pago,203.28,203.28
32,39,9,4,2023-10-12,pago,67.63,270.52
33,109,20,2,2023-11-30,pago,440.2,880.4
34,181,6,1,2023-01-09,pago,361.8,361.8
35,42,18,3,2023-09-08,pago,162.51,487.53
36,186,6,2,2023-11-28,pago,361.8,723.6
37,223,19,2,2023-10-25,pago,311.24,622.48
38,122,12,2,2023-07-03,pago,296.59,593.18
39,133,11,4,2023-06-28,pago,485.41,1941.64
40,163,2,3,2023-07-17,pago,356.73,1070.19
41,215,15,2,2023-05-08,pago,309.17,618.34
42,221,12,1,2023-01-20,pago,296.59,296.59
43,235,12,1,2023-11-24,pago,296.59,296.59
44,146,9,4,2023-03-06,pago,67.63,270.52
45,239,2,1,2023-07-01,pago,356.73,356.73
46,76,3,2,2023-08-29,cancelado,203.28,406.56
47,9,12,1,2023-01-24,pago,296.59,296.59
48,74,16,2,2023-03-24,pago,379.24,758.48
49,253,1,1,2023-11-15,pago,223.43,223.43
50,230,3,3,2023-07-04,pago,203.28,609.84
51,7,20,4,2023-11-12,pago,440.2,1760.8
52,174,2,4,2023-04-09,pago,356.73,1426.92
53,141,9,3,2023-03-03,pago,67.63,202.89
54,168,19,3,2023-10-13,pago,311.24,933.72
55,170,15,4,2023-01-22,pago,309.17,1236.68
56,283,18,3,2023-07-31,cancelado,162.51,487.53
57,122,11,2,2023-05-06,pago,485.41,970.82
58,194,16,1,2023-02-11,pago,379.24,379.24
59,5,17,4,2023-04-08,pago,107.46,429.84
60,29,5,3,2023-01-31,pago,273.22,819.6600000000001
61,165,12,2,2023-06-07,pago,296.59,593.18
62,136,11,4,2023-04-22,pago,485.41,1941.64
63,145,15,3,2023-09-04,pago,309.17,927.51
64,217,3,4,2023-05-02,pago,203.28,813.12
65,132,1,3,2023-09-30,cancelado,223.43,670.29
66,292,20,4,2023-10-21,pago,440.2,1760.8
67,70,16,2,2023-07-26,pago,379.24,758.48
68,252,2,2,2023-04-20,cancelado,356.73,713.46
69,275,2,1,2023-10-05,pago,356.73,356.73
70,182,3,4,2023-02-25,pago,203.28,813.12
71,167,8,1,2023-02-26,pago,471.49,471.49
72,91,15,4,2023-10-18,pago,309.17,1236.68
73,202,7,3,2023-04-24,pago,206.75,620.25
74,19,6,3,2023-11-04,pago,361.8,1085.4
75,39,9,1,2023-12-07,pago,67.63,67.63
76,126,20,4,2023-07-17,pago,440.2,1760.8
77,173,1,1,2023-11-17,pago,223.43,223.43
78,141,8,2,2023-06-28,pago,471.49,942.98
79,242,3,1,2023-08-07,pago,203.28,203.28
80,220,4,1,2023-10-04,pago,167.31,167.31
81,126,15,3,2023-01-16,pago,309.17,927.51
82,58,6,1,2023-03-02,pago,361.8,361.8
83,148,15,4,2023-02-23,pago,309.17,1236.68
84,1,3,3,2023-06-17,pago,203.28,609.84
85,190,14,1,2023-01-26,pago,305.83,305.83
86,191,20,2,2023-12-02,pago,440.2,880.4
87,117,14,1,2023-03-06,pago,305.83,305.83
88,134,4,1,2023-04-10,pago,167.31,167.31
89,58,12,1,2023-03-15,pago,296.59,296.59
90,44,17,3,2023-07-11,cancelado,107.46,322.38
91,173,7,4,2023-06-20,pago,206.75,827.0
92,160,9,2,2023-09-30,pago,67.63,135.26
93,173,3,1,2023-07-06,pago,203.28,203.28
94,149,13,4,2023-01-23,cancelado,240.56,962.24
95,80,15,4,2023-06-30,pago,309.17,1236.68
96,213,18,3,2023-11-23,pago,162.51,487.53
97,203,19,2,2023-04-18,pago,311.24,622.48
98,252,1,3,2023-12-01,pago,223.43,670.29
99,229,6,4,2023-06-11,pago,361.8,1447.2
100,164,2,4,2023-10-29,pago,356.73,1426.92
101,227,14,4,2023-07-25,pago,305.83,1223.32
102,147,6,3,2023-03-19,pago,361.8,1085.4
103,20,14,2,2023-01-16,cancelado,305.83,611.66
104,47,4,1,2023-11-23,pago,167.31,167.31
105,233,8,3,2023-04-06,pago,471.49,1414.47
106,14,3,4,2023-05-27,pago,203.28,813.12
107,143,19,3,2023-01-02,pago,311.24,933.72
108,1,14,4,2023-01-10,pago,305.83,1223.32
109,54,20,1,2023-05-05,pago,440.2,440.2
110,259,17,1,2023-03-22,pago,107.46,107.46
111,144,8,2,2023-05-20,pago,471.49,942.98
112,12,14,4,2023-11-22,pago,305.83,1223.32
113,224,6,2,2023-05-30,pago,361.8,723.6
114,272,16,2,2023-10-15,pago,379.24,758.48
115,156,19,1,2023-12-27,pago,311.24,311.24
116,8,14,3,2023-12-06,pago,305.83,917.49
117,122,19,3,2023-05-09,pago,311.24,933.72
118,164,3,2,2023-08-27,pago,203.28,406.56
119,90,10,1,2023-02-27,pago,238.08,238.08
120,136,19,4,2023-07-17,pago,311.24,1244.96
121,186,9,3,2023-07-30,pago,67.63,202.89
122,178,20,2,2023-02-14,pago,440.2,880.4
123,28,13,3,2023-04-07,pago,240.56,721.6800000000001
124,220,7,3,2023-10-06,pago,206.75,620.25
125,41,14,4,2023-01-23,pago,305.83,1223.32
126,228,9,1,2023-12-01,cancelado,67.63,67.63
127,192,19,4,2023-02-13,pago,311.24,1244.96
128,145,15,1,2023-01-27,pago,309.17,309.17
129,201,20,3,2023-10-09,cancelado,440.2,1320.6
130,212,14,2,2023-04-07,pago,305.83,611.66
131,220,6,4,2023-02-05,pago,361.8,1447.2
132,240,4,1,2023-04-19,pago,167.31,167.31
133,46,8,3,2023-02-24,pago,471.49,1414.47
134,35,17,1,2023-07-11,cancelado,107.46,107.46
135,253,9,1,2023-08-07,pago,67.63,67.63
136,82,1,1,2023-07-04,pago,223.43,223.43
137,256,20,3,2023-03-10,pago,440.2,1320.6
138,197,14,2,2023-11-13,pago,305.83,611.66
139,10,11,2,2023-05-10,pago,485.41,970.82
140,286,3,2,2023-02-24,pago,203.28,406.56
141,242,9,1,2023-04-07,pago,67.63,67.63
142,251,14,3,2023-12-02,pago,305.83,917.49
143,5,9,1,2023-03-28,pago,67.63,67.63
144,119,4,2,2023-10-21,pago,167.31,334.62
145,289,4,2,2023-04-29,pago,167.31,334.62
146,65,8,3,2023-07-27,pago,471.49,1414.47
147,146,2,1,2023-11-30,pago,356.73,356.73
148,224,9,4,2023-06-03,pago,67.63,270.52
149,239,14,4,2023-02-04,pago,305.83,1223.32
150,177,9,2,2023-03-20,pago,67.63,135.26
151,267,16,3,2023-03-08,cancelado,379.24,1137.72
152,282,17,1,2023-12-09,pago,107.46,107.46
153,63,16,1,2023-02-03,pago,379.24,379.24
154,217,12,2,2023-04-07,pago,296.59,593.18
155,283,3,2,2023-06-18,cancelado,203.28,406.56
156,177,11,1,2023-06-18,pago,485.41,485.41
157,98,14,1,2023-05-31,pago,305.83,305.83
158,105,18,2,2023-03-12,pago,162.51,325.02
159,99,5,1,2023-01-03,pago,273.22,273.22
160,6,16,4,2023-11-10,pago,379.24,1516.96
161,197,20,2,2023-02-01,pago,440.2,880.4
162,133,5,1,2023-10-14,pago,273.22,273.22
163,259,3,2,2023-03-23,pago,203.28,406.56
164,23,12,3,2023-02-12,pago,296.59,889.77
165,53,1,2,2023-04-15,pago,223.43,446.86
166,165,9,2,2023-01-01,pago,67.63,135.26
167,202,9,3,2023-03-02,pago,67.63,202.89
168,83,4,4,2023-09-27,pago,167.31,669.24
169,145,3,1,2023-06-29,pago,203.28,203.28
170,85,17,3,2023-08-12,pago,107.46,322.38
171,78,2,2,2023-01-06,pago,356.73,713.46
172,1,1,1,2023-04-13,pago,223.43,223.43
173,51,8,3,2023-01-10,pago,471.49,1414.47
174,173,13,1,2023-03-12,pago,240.56,240.56
175,205,15,1,2023-03-31,pago,309.17,309.17
176,260,8,3,2023-08-14,pago,471.49,1414.47
177,288,12,1,2023-06-07,pago,296.59,296.59
178,34,12,4,2023-08-16,cancelado,296.59,1186.36
179,95,14,3,2023-05-06,pago,305.83,917.49
180,72,15,4,2023-07-28,pago,309.17,1236.68
181,39,15,2,2023-04-07,pago,309.17,618.34
182,154,9,1,2023-03-15,pago,67.63,67.63
183,250,19,2,2023-04-25,pago,311.24,622.48
184,162,20,2,2023-07-10,pago,440.2,880.4
185,118,8,1,2023-06-19,pago,471.49,471.49
186,259,19,3,2023-11-03,pago,311.24,933.72
187,268,6,1,2023-07-23,pago,361.8,361.8
188,54,20,2,2023-02-25,pago,440.2,880.4
189,236,19,2,2023-07-27,cancelado,311.24,622.48
190,222,4,3,2023-02-10,pago,167.31,501.93
191,251,7,1,2023-02-01,pago,206.75,206.75
192,112,4,2,2023-01-15,pago,167.31,334.62
193,255,12,4,2023-03-03,pago,296.59,1186.36
194,207,13,2,2023-06-04,pago,240.56,481.12
195,229,3,2,2023-10-11,pago,203.28,406.56
196,66,12,3,2023-07-28,pago,296.59,889.77
197,75,2,4,2023-11-16,pago,356.73,1426.92
198,103,2,2,2023-07-06,pago,356.73,713.46
199,192,9,2,2023-05-10,pago,67.63,135.26
200,252,1,4,2023-05-07,pago,223.43,893.72
201,226,8,1,2023-10-19,pago,471.49,471.49
202,294,6,1,2023-04-24,pago,361.8,361.8
203,98,6,2,2023-07-18,pago,361.8,723.6
204,286,18,2,2023-01-13,pago,162.51,325.02
205,249,17,1,2023-09-28,pago,107.46,107.46
206,166,12,3,2023-03-30,pago,296.59,889.77
207,30,6,4,2023-08-03,pago,361.8,1447.2
208,247,8,4,2023-10-05,pago,471.49,1885.96
209,106,19,3,2023-07-22,pago,311.24,933.72
210,51,10,3,2023-03-15,cancelado,238.08,714.24
211,81,1,3,2023-01-25,pago,223.43,670.29
212,133,13,3,2023-04-11,pago,240.56,721.6800000000001
213,285,17,3,2023-06-25,pago,107.46,322.38
214,138,3,3,2023-04-27,pago,203.28,609.84
215,184,8,4,2023-06-15,pago,471.49,1885.96
216,273,14,3,2023-02-10,pago,305.83,917.49
217,69,3,1,2023-12-10,cancelado,203.28,203.28
218,34,16,3,2023-04-30,cancelado,379.24,1137.72
219,262,13,3,2023-04-07,pago,240.56,721.6800000000001
220,53,20,4,2023-05-25,pago,440.2,1760.8
221,205,17,4,2023-08-04,cancelado,107.46,429.84
222,126,13,3,2023-08-17,pago,240.56,721.6800000000001
223,235,6,4,2023-11-09,pago,361.8,1447.2
224,43,17,2,2023-05-10,pago,107.46,214.92
225,240,14,4,2023-12-18,pago,305.83,1223.32
226,111,17,4,2023-11-14,pago,107.46,429.84
227,249,8,4,2023-05-17,pago,471.49,1885.96
228,151,11,4,2023-11-20,pago,485.41,1941.64
229,183,20,1,2023-12-03,pago,440.2,440.2
230,95,1,1,2023-09-30,pago,223.43,223.43
231,8,7,1,2023-04-27,pago,206.75,206.75
232,184,17,3,2023-11-02,pago,107.46,322.38
233,281,10,3,2023-04-04,pago,238.08,714.24
234,195,11,2,2023-06-17,pago,485.41,970.82
235,195,9,1,2023-07-22,cancelado,67.63,67.63
236,155,9,3,2023-12-07,cancelado,67.63,202.89
237,93,5,4,2023-05-29,pago,273.22,1092.88
238,160,17,4,2023-07-02,pago,107.46,429.84
239,61,9,1,2023-06-01,pago,67.63,67.63
240,122,17,2,2023-03-15,pago,107.46,214.92
241,51,19,2,2023-12-31,cancelado,311.24,622.48
242,277,7,4,2023-10-01,pago,206.75,827.0
243,5,9,2,2023-02-11,pago,67.63,135.26
244,92,7,1,2023-07-31,pago,206.75,206.75
245,170,13,4,2023-04-11,pago,240.56,962.24
246,22,11,3,2023-02-14,pago,485.41,1456.23
247,1,14,3,2023-03-23,pago,305.83,917.49
248,133,19,2,2023-01-17,pago,311.24,622.48
249,233,11,4,2023-03-14,pago,485.41,1941.64
250,12,13,4,2023-01-14,pago,240.56,962.24
251,46,14,3,2023-06-06,pago,305.83,917.49
252,34,13,4,2023-08-11,pago,240.56,962.24
253,78,1,4,2023-05-12,pago,223.43,893.72
254,218,8,4,2023-12-04,pago,471.49,1885.96
255,73,12,2,2023-02-16,pago,296.59,593.18
256,282,19,4,2023-04-17,pago,311.24,1244.96
257,249,12,1,2023-04-18,cancelado,296.59,296.59
258,47,8,2,2023-09-22,pago,471.49,942.98
259,121,8,4,2023-07-24,pago,471.49,1885.96
260,214,13,4,2023-03-20,pago,240.56,962.24
261,239,12,1,2023-06-04,pago,296.59,296.59
262,56,16,2,2023-09-28,pago,379.24,758.48
263,107,1,3,2023-09-04,pago,223.43,670.29
264,48,13,3,2023-01-19,pago,240.56,721.6800000000001
265,61,7,2,2023-12-12,pago,206.75,413.5
266,26,5,4,2023-01-26,pago,273.22,1092.88
267,292,8,4,2023-08-05,pago,471.49,1885.96
268,257,14,3,2023-06-03,pago,305.83,917.49
269,8,13,3,2023-06-03,pago,240.56,721.6800000000001
270,113,15,3,2023-06-23,pago,309.17,927.51
271,253,17,1,2023-04-02,pago,107.46,107.46
272,180,15,3,2023-12-04,cancelado,309.17,927.51
273,207,20,1,2023-06-30,pago,440.2,440.2
274,127,18,2,2023-05-11,pago,162.51,325.02
275,56,18,4,2023-10-25,pago,162.51,650.04
276,214,2,3,2023-10-02,pago,356.73,1070.19
277,14,4,4,2023-09-30,pago,167.31,669.24
278,28,1,4,2023-03-17,pago,223.43,893.72
279,78,4,3,2023-06-26,pago,167.31,501.93
280,216,18,3,2023-07-03,cancelado,162.51,487.53
281,154,5,2,2023-11-15,pago,273.22,546.44
282,14,19,1,2023-05-11,pago,311.24,311.24
283,187,15,1,2023-12-29,cancelado,309.17,309.17
284,7,8,4,2023-02-18,pago,471.49,1885.96
285,3,20,3,2023-02-24,pago,440.2,1320.6
286,111,17,2,2023-06-03,pago,107.46,214.92
287,238,1,2,2023-12-21,pago,223.43,446.86
288,239,12,2,2023-07-19,pago,296.59,593.18
289,274,19,2,2023-11-04,cancelado,311.24,622.48
290,294,15,2,2023-12-22,pago,309.17,618.34
291,227,9,1,2023-04-28,pago,67.63,67.63
292,15,7,1,2023-09-20,pago,206.75,206.75
293,192,2,1,2023-02-15,pago,356.73,356.73
294,119,9,3,2023-10-29,cancelado,67.63,202.89
295,28,10,4,2023-12-22,pago,238.08,952.32
296,202,2,2,2023-07-08,pago,356.73,713.46
297,39,19,3,2023-11-06,pago,311.24,933.72
298,273,11,2,2023-11-14,pago,485.41,970.82
299,231,13,1,2023-05-09,pago,240.56,240.56
300,86,10,3,2023-02-18,pago,238.08,714.24
301,126,14,1,2023-01-25,pago,305.83,305.83
302,300,18,2,2023-09-23,pago,162.51,325.02
303,25,19,2,2023-04-28,pago,311.24,622.48
304,145,9,4,2023-05-24,pago,67.63,270.52
305,13,7,2,2023-07-19,pago,206.75,413.5
306,212,3,1,2023-06-06,pago,203.28,203.28
307,25,20,2,2023-12-14,pago,440.2,880.4
308,68,6,4,2023-05-14,pago,361.8,1447.2
309,67,2,4,2023-05-28,cancelado,356.73,1426.92
310,233,6,1,2023-12-02,pago,361.8,361.8
311,109,3,3,2023-03-12,pago,203.28,609.84
312,146,16,2,2023-08-21,pago,379.24,758.48
313,111,8,4,2023-11-30,pago,471.49,1885.96
314,228,2,2,2023-10-26,cancelado,356.73,713.46
315,111,17,2,2023-06-03,pago,107.46,214.92
316,34,9,3,2023-03-31,pago,67.63,202.89
317,111,12,4,2023-11-30,cancelado,296.59,1186.36
318,264,3,2,2023-07-18,pago,203.28,406.56
319,236,11,4,2023-06-10,pago,485.41,1941.64
320,83,1,1,2023-01-26,pago,223.43,223.43
321,42,13,1,2023-05-01,pago,240.56,240.56
322,101,15,2,2023-10-28,pago,309.17,618.34
323,6,5,4,2023-07-31,pago,273.22,1092.88
324,180,17,2,2023-03-04,pago,107.46,214.92
325,282,6,4,2023-03-09,cancelado,361.8,1447.2
326,226,11,4,2023-09-10,pago,485.41,1941.64
327,229,18,3,2023-01-02,pago,162.51,487.53
328,289,4,3,2023-04-18,pago,167.31,501.93
329,150,3,3,2023-10-13,pago,203.28,609.84
330,277,13,2,2023-02-18,pago,240.56,481.12
331,198,9,3,2023-05-20,cancelado,67.63,202.89
332,70,6,3,2023-08-06,pago,361.8,1085.4
333,112,12,1,2023-02-13,pago,296.59,296.59
334,4,2,4,2023-09-26,pago,356.73,1426.92
335,95,3,4,2023-03-19,pago,203.28,813.12
336,152,3,3,2023-08-04,cancelado,203.28,609.84
337,137,12,4,2023-04-08,pago,296.59,1186.36
338,247,15,1,2023-08-24,cancelado,309.17,309.17
339,243,9,1,2023-10-09,pago,67.63,67.63
340,31,8,3,2023-05-29,pago,471.49,1414.47
341,40,11,1,2023-10-31,pago,485.41,485.41
342,229,16,4,2023-03-07,pago,379.24,1516.96
343,36,4,2,2023-08-22,pago,167.31,334.62
344,223,1,4,2023-03-28,pago,223.43,893.72
345,6,7,2,2023-03-20,pago,206.75,413.5
346,220,2,3,2023-07-24,pago,356.73,1070.19
347,75,5,2,2023-10-06,pago,273.22,546.44
348,4,7,1,2023-12-03,pago,206.75,206.75
349,134,4,4,2023-09-11,cancelado,167.31,669.24
350,118,5,2,2023-10-31,pago,273.22,546.44
351,94,1,4,2023-05-10,pago,223.43,893.72
352,62,1,3,2023-03-25,pago,223.43,670.29
353,194,15,3,2023-10-03,pago,309.17,927.51
354,203,20,1,2023-07-06,pago,440.2,440.2
355,26,19,3,2023-02-15,pago,311.24,933.72
356,173,10,2,2023-07-02,pago,238.08,476.16
357,300,18,3,2023-09-25,cancelado,162.51,487.53
358,133,3,1,2023-10-23,pago,203.28,203.28
359,118,11,4,2023-11-18,pago,485.41,1941.64
360,275,15,4,2023-04-10,pago,309.17,1236.68
361,212,11,3,2023-03-19,pago,485.41,1456.23
362,225,17,2,2023-09-29,pago,107.46,214.92
363,20,17,1,2023-12-05,pago,107.46,107.46
364,113,6,2,2023-06-11,pago,361.8,723.6
365,140,5,1,2023-02-13,pago,273.22,273.22
366,47,8,3,2023-08-26,pago,471.49,1414.47
367,1,2,1,2023-05-14,pago,356.73,356.73
368,90,16,1,2023-07-11,pago,379.24,379.24
369,142,20,3,2023-12-22,pago,440.2,1320.6
370,38,12,2,2023-10-05,cancelado,296.59,593.18
371,293,6,3,2023-01-18,pago,361.8,1085.4
372,139,1,1,2023-01-12,pago,223.43,223.43
373,259,4,3,2023-06-29,pago,167.31,501.93
374,161,17,1,2023-05-03,pago,107.46,107.46
375,178,13,3,2023-09-03,pago,240.56,721.6800000000001
376,10,18,4,2023-08-10,pago,162.51,650.04
377,261,5,4,2023-02-20,pago,273.22,1092.88
378,138,3,3,2023-03-12,pago,203.28,609.84
379,172,11,2,2023-02-17,pago,485.41,970.82
380,13,13,1,2023-01-19,pago,240.56,240.56
381,168,4,4,2023-09-19,cancelado,167.31,669.24
382,130,14,2,2023-03-25,pago,305.83,611.66
383,84,11,1,2023-06-04,pago,485.41,485.41
384,101,10,4,2023-02-22,pago,238.08,952.32
385,273,19,4,2023-04-17,pago,311.24,1244.96
386,265,18,3,2023-12-23,pago,162.51,487.53
387,38,6,1,2023-10-31,pago,361.8,361.8
388,94,15,2,2023-05-15,cancelado,309.17,618.34
389,95,10,2,2023-03-10,pago,238.08,476.16
390,69,5,2,2023-01-11,pago,273.22,546.44
391,236,5,1,2023-05-23,pago,273.22,273.22
392,137,10,2,2023-07-11,pago,238.08,476.16
393,76,5,2,2023-03-10,pago,273.22,546.44
394,35,3,2,2023-01-23,cancelado,203.28,406.56
395,1,6,3,2023-06-30,cancelado,361.8,1085.4
396,296,4,3,2023-10-20,pago,167.31,501.93
397,60,18,1,2023-01-09,pago,162.51,162.51
398,267,9,1,2023-09-28,pago,67.63,67.63
399,229,17,2,2023-04-03,pago,107.46,214.92
400,270,13,3,2023-01-17,pago,240.56,721.6800000000001
401,286,15,4,2023-06-03,pago,309.17,1236.68
402,291,20,4,2023-11-24,pago,440.2,1760.8
403,213,17,2,2023-05-29,pago,107.46,214.92
404,165,13,2,2023-09-24,pago,240.56,481.12
405,5,16,3,2023-11-24,cancelado,379.24,1137.72
406,78,4,3,2023-04-16,pago,167.31,501.93
407,62,5,3,2023-02-04,pago,273.22,819.6600000000001
408,132,5,1,2023-04-29,pago,273.22,273.22
409,89,9,1,2023-01-14,pago,67.63,67.63
410,237,17,2,2023-01-14,pago,107.46,214.92
411,42,13,1,2023-09-23,pago,240.56,240.56
412,89,2,3,2023-05-20,pago,356.73,1070.19
413,296,13,3,2023-10-21,pago,240.56,721.6800000000001
414,295,19,1,2023-12-30,pago,311.24,311.24
415,104,3,4,2023-04-29,pago,203.28,813.12
416,14,10,2,2023-08-26,pago,238.08,476.16
417,288,2,4,2023-02-03,pago,356.73,1426.92
418,179,13,2,2023-06-18,pago,240.56,481.12
419,125,19,4,2023-01-10,pago,311.24,1244.96
420,23,17,1,2023-05-02,pago,107.46,107.46
421,63,14,2,2023-05-25,pago,305.83,611.66
422,143,12,2,2023-08-11,cancelado,296.59,593.18
423,153,12,2,2023-09-14,pago,296.59,593.18
424,145,11,3,2023-09-25,pago,485.41,1456.23
425,225,7,3,2023-12-25,pago,206.75,620.25
426,104,4,4,2023-01-04,pago,167.31,669.24
427,104,19,1,2023-12-20,pago,311.24,311.24
428,39,1,3,2023-04-16,pago,223.43,670.29
429,198,3,2,2023-03-26,pago,203.28,406.56
430,134,13,3,2023-08-02,pago,240.56,721.6800000000001
431,67,15,1,2023-05-01,pago,309.17,309.17
432,179,2,3,2023-05-12,pago,356.73,1070.19
433,42,11,2,2023-12-04,pago,485.41,970.82
434,15,4,4,2023-07-16,pago,167.31,669.24
435,111,19,2,2023-01-19,pago,311.24,622.48
436,157,17,1,2023-05-10,pago,107.46,107.46
437,289,3,4,2023-01-12,pago,203.28,813.12
438,231,18,3,2023-03-22,pago,162.51,487.53
439,157,8,3,2023-11-26,cancelado,471.49,1414.47
440,38,19,3,2023-12-20,pago,311.24,933.72
441,97,5,4,2023-09-19,pago,273.22,1092.88
442,289,7,2,2023-05-05,pago,206.75,413.5
443,254,8,4,2023-11-03,pago,471.49,1885.96
444,196,5,4,2023-09-24,cancelado,273.22,1092.88
445,86,17,1,2023-05-20,pago,107.46,107.46
446,10,5,4,2023-11-25,pago,273.22,1092.88
447,5,4,3,2023-01-02,pago,167.31,501.93
448,123,19,2,2023-01-08,pago,311.24,622.48
449,118,2,2,2023-09-07,pago,356.73,713.46
450,294,11,2,2023-05-19,pago,485.41,970.82
451,159,13,3,2023-05-04,pago,240.56,721.6800000000001
452,228,15,3,2023-11-05,pago,309.17,927.51
453,216,12,3,2023-08-16,pago,296.59,889.77
454,184,11,3,2023-01-10,pago,485.41,1456.23
455,15,7,3,2023-07-31,pago,206.75,620.25
456,157,5,4,2023-04-22,pago,273.22,1092.88
457,136,17,3,2023-01-08,pago,107.46,322.38
458,261,20,3,2023-10-19,pago,440.2,1320.6
459,157,9,3,2023-12-28,pago,67.63,202.89
460,47,14,3,2023-09-10,pago,305.83,917.49
461,173,12,2,2023-01-14,cancelado,296.59,593.18
462,130,6,3,2023-08-28,pago,361.8,1085.4
463,95,17,4,2023-08-30,pago,107.46,429.84
464,115,19,4,2023-12-08,pago,311.24,1244.96
465,243,19,4,2023-05-29,pago,311.24,1244.96
466,292,16,1,2023-08-24,pago,379.24,379.24
467,282,12,2,2023-11-02,pago,296.59,593.18
468,299,12,3,2023-06-16,pago,296.59,889.77
469,283,20,1,2023-01-20,pago,440.2,440.2
470,69,6,3,2023-08-04,pago,361.8,1085.4
471,148,4,1,2023-12-09,cancelado,167.31,167.31
472,11,6,1,2023-05-15,pago,361.8,361.8
473,254,11,4,2023-05-09,pago,485.41,1941.64
474,38,1,4,2023-10-21,pago,223.43,893.72
475,134,15,1,2023-09-03,pago,309.17,309.17
476,200,11,4,2023-07-08,pago,485.41,1941.64
477,23,19,1,2023-02-13,pago,311.24,311.24
478,218,18,2,2023-03-27,pago,162.51,325.02
479,141,17,4,2023-02-13,pago,107.46,429.84
480,104,19,4,2023-11-26,pago,311.24,1244.96
481,210,14,4,2023-05-25,pago,305.83,1223.32
482,111,18,2,2023-02-20,pago,162.51,325.02
483,104,19,1,2023-08-30,pago,311.24,311.24
484,171,15,3,2023-10-21,pago,309.17,927.51
485,133,15,4,2023-02-20,pago,309.17,1236.68
486,293,4,1,2023-09-23,pago,167.31,167.31
487,127,7,2,2023-04-30,pago,206.75,413.5
488,106,13,3,2023-07-19,pago,240.56,721.6800000000001
489,92,3,4,2023-09-05,pago,203.28,813.12
490,287,16,2,2023-03-11,pago,379.24,758.48
491,51,9,2,2023-12-07,pago,67.63,135.26
492,29,8,3,2023-02-26,pago,471.49,1414.47
493,296,20,1,2023-02-08,pago,440.2,440.2
494,297,13,4,2023-10-16,pago,240.56,962.24
495,214,17,4,2023-01-18,pago,107.46,429.84
496,267,17,1,2023-08-08,pago,107.46,107.46
497,257,17,1,2023-11-09,pago,107.46,107.46
498,101,1,1,2023-09-01,pago,223.43,223.43
499,110,8,3,2023-12-18,cancelado,471.49,1414.47
500,182,19,3,2023-10-31,pago,311.24,933.72
501,1,6,4,2023-10-25,pago,361.8,1447.2
502,55,3,3,2023-10-10,pago,203.28,609.84
503,149,5,2,2023-03-15,pago,273.22,546.44
504,137,13,4,2023-04-20,pago,240.56,962.24
505,202,15,3,2023-06-29,pago,309.17,927.51
506,117,14,1,2023-02-01,pago,305.83,305.83
507,154,16,2,2023-08-22,pago,379.24,758.48
508,291,18,1,2023-10-09,pago,162.51,162.51
509,63,11,4,2023-01-25,pago,485.41,1941.64
510,244,3,1,2023-11-27,pago,203.28,203.28
511,25,10,3,2023-10-06,pago,238.08,714.24
512,90,10,3,2023-08-14,pago,238.08,714.24
513,75,16,4,2023-02-26,pago,379.24,1516.96
514,294,12,1,2023-06-29,pago,296.59,296.59
515,210,2,4,2023-08-20,pago,356.73,1426.92
516,17,9,1,2023-12-09,pago,67.63,67.63
517,128,3,2,2023-10-14,pago,203.28,406.56
518,251,15,3,2023-03-05,pago,309.17,927.51
519,179,3,4,2023-08-20,pago,203.28,813.12
520,182,19,2,2023-10-16,pago,311.24,622.48
521,152,18,2,2023-08-01,pago,162.51,325.02
522,25,8,4,2023-09-15,pago,471.49,1885.96
523,180,17,4,2023-01-18,pago,107.46,429.84
524,198,8,2,2023-06-24,pago,471.49,942.98
525,161,7,1,2023-08-17,pago,206.75,206.75
526,177,7,2,2023-08-14,pago,206.75,413.5
527,285,3,4,2023-03-25,pago,203.28,813.12
528,63,1,2,2023-10-18,pago,223.43,446.86
529,150,4,1,2023-09-03,pago,167.31,167.31
530,154,5,3,2023-04-20,pago,273.22,819.6600000000001
531,156,1,3,2023-09-11,pago,223.43,670.29
532,49,15,2,2023-03-29,pago,309.17,618.34
533,84,5,1,2023-03-13,pago,273.22,273.22
534,177,13,3,2023-01-30,pago,240.56,721.6800000000001
535,148,8,2,2023-06-21,pago,471.49,942.98
536,118,8,2,2023-11-05,pago,471.49,942.98
537,63,5,1,2023-12-09,pago,273.22,273.22
538,189,9,4,2023-06-26,pago,67.63,270.52
539,49,1,2,2023-05-19,pago,223.43,446.86
540,257,4,4,2023-07-13,pago,167.31,669.24
541,224,3,4,2023-07-05,pago,203.28,813.12
542,141,2,3,2023-08-06,pago,356.73,1070.19
543,215,8,4,2023-06-13,pago,471.49,1885.96
544,211,9,1,2023-06-10,pago,67.63,67.63
545,32,2,3,2023-01-13,pago,356.73,1070.19
546,158,14,3,2023-10-23,pago,305.83,917.49
547,285,14,3,2023-03-30,pago,305.83,917.49
548,286,4,2,2023-11-20,pago,167.31,334.62
549,144,6,2,2023-02-11,pago,361.8,723.6
550,19,11,4,2023-07-29,pago,485.41,1941.64
551,18,3,3,2023-08-17,pago,203.28,609.84
552,257,8,3,2023-12-16,pago,471.49,1414.47
553,78,3,1,2023-10-02,pago,203.28,203.28
554,175,14,4,2023-10-06,pago,305.83,1223.32
555,194,13,1,2023-09-08,pago,240.56,240.56
556,113,13,4,2023-11-06,pago,240.56,962.24
557,114,2,4,2023-07-27,pago,356.73,1426.92
558,222,13,2,2023-11-17,pago,240.56,481.12
559,166,19,2,2023-05-20,pago,311.24,622.48
560,132,6,1,2023-10-07,pago,361.8,361.8
561,264,16,4,2023-02-03,pago,379.24,1516.96
562,55,2,3,2023-11-05,pago,356.73,1070.19
563,131,8,2,2023-01-18,pago,471.49,942.98
564,288,17,3,2023-02-26,pago,107.46,322.38
565,266,2,1,2023-04-22,pago,356.73,356.73
566,162,10,2,2023-01-05,pago,238.08,476.16
567,87,16,2,2023-07-01,pago,379.24,758.48
568,55,6,4,2023-01-13,pago,361.8,1447.2
569,288,2,1,2023-12-05,cancelado,356.73,356.73
570,178,2,4,2023-10-12,pago,356.73,1426.92
571,8,13,2,2023-09-16,pago,240.56,481.12
572,247,15,1,2023-03-31,cancelado,309.17,309.17
573,255,2,2,2023-04-14,pago,356.73,713.46
574,54,7,1,2023-07-05,pago,206.75,206.75
575,249,3,2,2023-09-07,pago,203.28,406.56
576,239,8,3,2023-09-12,pago,471.49,1414.47
577,229,14,3,2023-03-17,pago,305.83,917.49
578,67,7,4,2023-04-18,pago,206.75,827.0
579,51,7,3,2023-06-05,pago,206.75,620.25
580,97,1,2,2023-03-23,pago,223.43,446.86
581,92,17,2,2023-03-18,pago,107.46,214.92
582,264,9,3,2023-09-15,pago,67.63,202.89
583,291,13,4,2023-05-07,pago,240.56,962.24
584,96,19,3,2023-10-09,pago,311.24,933.72
585,88,19,1,2023-03-29,pago,311.24,311.24
586,78,17,1,2023-07-23,pago,107.46,107.46
587,288,10,1,2023-01-16,pago,238.08,238.08
588,120,10,3,2023-05-31,pago,238.08,714.24
589,165,4,3,2023-09-11,pago,167.31,501.93
590,182,8,3,2023-07-07,pago,471.49,1414.47
591,223,20,1,2023-11-25,cancelado,440.2,440.2
592,7,20,4,2023-02-01,pago,440.2,1760.8
593,263,18,2,2023-09-28,pago,162.51,325.02
594,161,14,3,2023-01-05,pago,305.83,917.49
595,151,18,4,2023-11-26,cancelado,162.51,650.04
596,85,14,2,2023-11-04,pago,305.83,611.66
597,147,20,2,2023-11-29,pago,440.2,880.4
598,112,15,2,2023-06-18,pago,309.17,618.34
599,36,4,4,2023-06-30,cancelado,167.31,669.24
600,285,13,4,2023-06-27,pago,240.56,962.24
601,188,8,1,2023-05-23,pago,471.49,471.49
602,82,18,4,2023-12-28,cancelado,162.51,650.04
603,2,12,4,2023-09-05,pago,296.59,1186.36
604,197,14,4,2023-05-07,pago,305.83,1223.32
605,11,2,2,2023-09-20,pago,356.73,713.46
606,234,18,3,2023-02-09,pago,162.51,487.53
607,195,2,1,2023-12-21,pago,356.73,356.73
608,119,11,3,2023-09-12,cancelado,485.41,1456.23
609,20,9,3,2023-05-23,pago,67.63,202.89
610,261,12,4,2023-08-28,pago,296.59,1186.36
611,293,17,1,2023-08-16,cancelado,107.46,107.46
612,256,15,3,2023-12-07,pago,309.17,927.51
613,222,17,3,2023-07-17,pago,107.46,322.38
614,226,18,1,2023-03-06,pago,162.51,162.51
615,53,6,4,2023-01-11,pago,361.8,1447.2
616,280,17,3,2023-04-18,pago,107.46,322.38
617,81,18,2,2023-01-26,pago,162.51,325.02
618,202,8,3,2023-05-31,pago,471.49,1414.47
619,158,9,2,2023-08-09,pago,67.63,135.26
620,120,6,4,2023-12-07,pago,361.8,1447.2
621,59,5,3,2023-08-25,cancelado,273.22,819.6600000000001
622,215,12,1,2023-08-25,pago,296.59,296.59
623,128,11,1,2023-08-07,pago,485.41,485.41
624,224,1,3,2023-05-31,pago,223.43,670.29
625,209,11,4,2023-05-03,pago,485.41,1941.64
626,115,19,4,2023-05-24,pago,311.24,1244.96
627,209,9,1,2023-07-08,pago,67.63,67.63
628,14,2,3,2023-09-12,cancelado,356.73,1070.19
629,9,12,4,2023-03-09,cancelado,296.59,1186.36
630,40,4,1,2023-04-14,pago,167.31,167.31
631,237,4,2,2023-12-02,pago,167.31,334.62
632,281,18,3,2023-06-08,pago,162.51,487.53
633,201,15,2,2023-11-05,pago,309.17,618.34
634,246,19,2,2023-12-28,pago,311.24,622.48
635,278,13,4,2023-10-27,pago,240.56,962.24
636,235,19,4,2023-03-31,pago,311.24,1244.96
637,4,17,4,2023-12-23,pago,107.46,429.84
638,154,6,3,2023-09-13,pago,361.8,1085.4
639,29,16,2,2023-12-19,pago,379.24,758.48
640,109,12,3,2023-08-08,pago,296.59,889.77
641,98,19,4,2023-01-09,cancelado,311.24,1244.96
642,215,5,2,2023-01-12,pago,273.22,546.44
643,293,17,3,2023-11-21,pago,107.46,322.38
644,75,1,3,2023-09-01,pago,223.43,670.29
645,146,10,1,2023-07-01,pago,238.08,238.08
646,128,15,3,2023-10-11,pago,309.17,927.51
647,42,11,4,2023-11-08,pago,485.41,1941.64
648,41,13,3,2023-04-09,pago,240.56,721.6800000000001
649,34,5,2,2023-07-16,cancelado,273.22,546.44
650,17,1,3,2023-08-14,pago,223.43,670.29
651,165,12,1,2023-11-29,pago,296.59,296.59
652,153,11,2,2023-04-13,pago,485.41,970.82
653,76,17,2,2023-04-16,pago,107.46,214.92
654,87,4,1,2023-12-31,pago,167.31,167.31
655,117,15,4,2023-02-27,pago,309.17,1236.68
656,27,9,2,2023-03-19,pago,67.63,135.26
657,287,20,4,2023-03-16,pago,440.2,1760.8
658,134,19,2,2023-02-11,pago,311.24,622.48
659,219,19,2,2023-11-20,cancelado,311.24,622.48
660,168,12,4,2023-06-30,pago,296.59,1186.36
661,98,5,2,2023-02-02,pago,273.22,546.44
662,268,10,4,2023-03-12,pago,238.08,952.32
663,237,17,1,2023-02-25,pago,107.46,107.46
664,173,5,4,2023-04-15,pago,273.22,1092.88
665,190,16,1,2023-07-19,pago,379.24,379.24
666,122,7,2,2023-04-11,pago,206.75,413.5
667,46,9,4,2023-09-13,pago,67.63,270.52
668,64,3,2,2023-11-03,pago,203.28,406.56
669,130,15,4,2023-03-15,pago,309.17,1236.68
670,193,16,1,2023-06-20,pago,379.24,379.24
671,181,18,1,2023-05-23,pago,162.51,162.51
672,292,14,4,2023-06-15,pago,305.83,1223.32
673,282,3,1,2023-09-18,pago,203.28,203.28
674,29,12,2,2023-08-09,pago,296.59,593.18
675,149,9,2,2023-03-24,pago,67.63,135.26
676,267,7,3,2023-07-01,pago,206.75,620.25
677,296,9,1,2023-11-03,pago,67.63,67.63
678,11,13,2,2023-01-10,pago,240.56,481.12
679,164,18,4,2023-01-04,pago,162.51,650.04
680,113,5,1,2023-12-17,cancelado,273.22,273.22
681,187,13,2,2023-12-02,pago,240.56,481.12
682,295,4,1,2023-10-19,pago,167.31,167.31
683,232,2,4,2023-10-08,pago,356.73,1426.92
684,227,16,2,2023-08-03,pago,379.24,758.48
685,98,9,3,2023-04-08,cancelado,67.63,202.89
686,55,9,3,2023-04-11,cancelado,67.63,202.89
687,111,6,1,2023-01-09,pago,361.8,361.8
688,152,11,4,2023-03-02,pago,485.41,1941.64
689,246,1,2,2023-11-05,pago,223.43,446.86
690,69,4,4,2023-05-26,pago,167.31,669.24
691,289,13,2,2023-03-04,pago,240.56,481.12
692,250,13,1,2023-05-01,pago,240.56,240.56
693,36,13,2,2023-08-14,cancelado,240.56,481.12
694,239,2,4,2023-04-15,pago,356.73,1426.92
695,148,9,4,2023-09-17,pago,67.63,270.52
696,227,8,1,2023-12-15,cancelado,471.49,471.49
697,244,7,4,2023-09-12,cancelado,206.75,827.0
698,201,4,2,2023-07-26,pago,167.31,334.62
699,154,18,1,2023-01-28,pago,162.51,162.51
700,73,3,2,2023-06-19,pago,203.28,406.56
701,201,6,4,2023-12-02,pago,361.8,1447.2
702,296,12,1,2023-03-17,cancelado,296.59,296.59
703,17,12,2,2023-04-26,cancelado,296.59,593.18
704,129,8,4,2023-03-10,pago,471.49,1885.96
705,217,1,4,2023-12-20,pago,223.43,893.72
706,61,4,3,2023-08-22,pago,167.31,501.93
707,104,11,4,2023-01-01,cancelado,485.41,1941.64
708,42,3,2,2023-06-16,pago,203.28,406.56
709,25,13,1,2023-12-18,pago,240.56,240.56
710,39,17,3,2023-08-06,pago,107.46,322.38
711,291,10,4,2023-09-30,pago,238.08,952.32
712,131,12,4,2023-09-08,pago,296.59,1186.36
713,229,15,4,2023-12-13,pago,309.17,1236.68
714,108,10,2,2023-12-10,cancelado,238.08,476.16
715,172,14,3,2023-06-23,cancelado,305.83,917.49
716,102,13,2,2023-06-19,pago,240.56,481.12
717,12,5,3,2023-09-03,pago,273.22,819.6600000000001
718,275,6,1,2023-03-31,pago,361.8,361.8
719,101,2,2,2023-02-18,pago,356.73,713.46
720,44,17,2,2023-10-21,pago,107.46,214.92
721,17,4,1,2023-05-30,cancelado,167.31,167.31
722,57,14,3,2023-05-12,pago,305.83,917.49
723,12,10,4,2023-02-28,pago,238.08,952.32
724,80,3,1,2023-11-20,cancelado,203.28,203.28
725,216,3,4,2023-07-18,cancelado,203.28,813.12
726,264,15,4,2023-08-03,pago,309.17,1236.68
727,149,6,1,2023-02-18,pago,361.8,361.8
728,81,17,3,2023-08-20,pago,107.46,322.38
729,215,12,4,2023-09-04,pago,296.59,1186.36
730,198,20,1,2023-08-27,pago,440.2,440.2
731,200,11,2,2023-06-17,pago,485.41,970.82
732,25,4,2,2023-02-17,cancelado,167.31,334.62
733,89,6,2,2023-02-20,pago,361.8,723.6
734,268,1,1,2023-10-26,pago,223.43,223.43
735,143,20,2,2023-04-08,pago,440.2,880.4
736,59,16,4,2023-08-04,pago,379.24,1516.96
737,26,15,2,2023-06-26,pago,309.17,618.34
738,47,17,2,2023-03-21,pago,107.46,214.92
739,288,8,4,2023-07-04,pago,471.49,1885.96
740,266,12,2,2023-01-27,pago,296.59,593.18
741,16,10,4,2023-07-14,pago,238.08,952.32
742,199,15,2,2023-08-02,pago,309.17,618.34
743,282,9,4,2023-12-08,pago,67.63,270.52
744,86,2,2,2023-04-24,pago,356.73,713.46
745,250,5,4,2023-08-30,pago,273.22,1092.88
746,270,6,1,2023-05-04,pago,361.8,361.8
747,117,7,4,2023-11-01,cancelado,206.75,827.0
748,7,1,2,2023-03-17,cancelado,223.43,446.86
749,137,7,2,2023-11-07,pago,206.75,413.5
750,176,20,3,2023-11-08,pago,440.2,1320.6
751,215,12,4,2023-07-15,pago,296.59,1186.36
752,82,16,1,2023-12-17,pago,379.24,379.24
753,223,16,4,2023-02-13,pago,379.24,1516.96
754,103,11,4,2023-07-05,cancelado,485.41,1941.64
755,273,4,1,2023-12-09,cancelado,167.31,167.31
756,14,13,4,2023-09-03,pago,240.56,962.24
757,159,7,1,2023-03-25,pago,206.75,206.75
758,152,4,1,2023-07-26,pago,167.31,167.31
759,108,15,4,2023-05-31,pago,309.17,1236.68
760,188,19,4,2023-06-05,pago,311.24,1244.96
761,98,9,2,2023-01-16,pago,67.63,135.26
762,131,11,2,2023-06-14,pago,485.41,970.82
763,293,8,3,2023-05-25,pago,471.49,1414.47
764,171,1,3,2023-02-06,pago,223.43,670.29
765,183,8,4,2023-11-29,pago,471.49,1885.96
766,39,13,1,2023-02-14,pago,240.56,240.56
767,15,4,3,2023-07-25,pago,167.31,501.93
768,4,8,4,2023-03-03,pago,471.49,1885.96
769,210,3,3,2023-12-22,pago,203.28,609.84
770,161,9,1,2023-11-04,pago,67.63,67.63
771,16,2,4,2023-01-19,pago,356.73,1426.92
772,108,2,1,2023-12-31,pago,356.73,356.73
773,227,13,4,2023-10-27,pago,240.56,962.24
774,170,15,3,2023-01-07,cancelado,309.17,927.51
775,34,12,2,2023-09-06,pago,296.59,593.18
776,251,4,3,2023-04-27,pago,167.31,501.93
777,247,8,3,2023-03-09,pago,471.49,1414.47
778,269,9,2,2023-02-03,pago,67.63,135.26
779,141,5,2,2023-07-13,pago,273.22,546.44
780,274,20,4,2023-11-21,cancelado,440.2,1760.8
781,96,18,4,2023-02-24,pago,162.51,650.04
782,227,11,1,2023-09-23,pago,485.41,485.41
783,39,15,1,2023-02-11,cancelado,309.17,309.17
784,29,9,3,2023-10-24,pago,67.63,202.89
785,245,17,2,2023-08-19,pago,107.46,214.92
786,236,12,1,2023-01-10,pago,296.59,296.59
787,185,7,3,2023-12-24,pago,206.75,620.25
788,272,10,2,2023-05-08,pago,238.08,476.16
789,236,10,4,2023-06-28,pago,238.08,952.32
790,239,13,3,2023-07-12,pago,240.56,721.6800000000001
791,266,19,4,2023-04-02,pago,311.24,1244.96
792,65,11,1,2023-08-19,pago,485.41,485.41
793,177,13,1,2023-03-19,pago,240.56,240.56
794,3,8,2,2023-03-26,pago,471.49,942.98
795,142,8,3,2023-01-30,pago,471.49,1414.47
796,158,4,4,2023-08-01,pago,167.31,669.24
797,146,15,2,2023-02-18,cancelado,309.17,618.34
798,293,11,1,2023-09-22,pago,485.41,485.41
799,153,11,1,2023-05-25,pago,485.41,485.41
800,193,1,3,2023-03-10,pago,223.43,670.29
801,73,17,4,2023-02-27,pago,107.46,429.84
802,140,15,3,2023-07-04,pago,309.17,927.51
803,187,20,4,2023-03-03,pago,440.2,1760.8
804,293,6,4,2023-11-04,pago,361.8,1447.2
805,61,15,3,2023-10-23,pago,309.17,927.51
806,198,9,2,2023-06-15,pago,67.63,135.26
807,295,14,3,2023-06-20,pago,305.83,917.49
808,11,18,3,2023-03-04,pago,162.51,487.53
809,62,17,1,2023-05-27,pago,107.46,107.46
810,226,18,1,2023-11-02,pago,162.51,162.51
811,153,5,3,2023-06-10,pago,273.22,819.6600000000001
812,199,20,3,2023-05-21,pago,440.2,1320.6
813,52,20,1,2023-11-30,pago,440.2,440.2
814,260,9,4,2023-04-07,pago,67.63,270.52
815,59,11,3,2023-08-09,pago,485.41,1456.23
816,72,1,2,2023-02-12,pago,223.43,446.86
817,148,18,2,2023-10-19,pago,162.51,325.02
818,63,6,2,2023-04-18,pago,361.8,723.6
819,243,2,3,2023-09-23,pago,356.73,1070.19
820,107,15,4,2023-04-05,pago,309.17,1236.68
821,226,14,4,2023-09-19,pago,305.83,1223.32
822,218,5,1,2023-11-09,cancelado,273.22,273.22
823,241,6,3,2023-03-12,pago,361.8,1085.4
824,259,6,4,2023-08-07,pago,361.8,1447.2
825,262,18,3,2023-01-21,cancelado,162.51,487.53
826,5,14,1,2023-04-02,pago,305.83,305.83
827,261,10,1,2023-05-07,pago,238.08,238.08
828,54,14,1,2023-03-21,pago,305.83,305.83
829,47,13,2,2023-11-08,pago,240.56,481.12
830,215,3,3,2023-08-26,pago,203.28,609.84
831,177,6,1,2023-07-01,pago,361.8,361.8
832,9,8,3,2023-01-25,pago,471.49,1414.47
833,99,12,2,2023-06-05,pago,296.59,593.18
834,20,13,2,2023-01-05,pago,240.56,481.12
835,241,11,1,2023-04-30,pago,485.41,485.41
836,61,12,1,2023-10-04,pago,296.59,296.59
837,178,1,4,2023-01-18,pago,223.43,893.72
838,62,17,3,2023-07-17,pago,107.46,322.38
839,145,16,1,2023-02-26,pago,379.24,379.24
840,216,11,4,2023-04-03,pago,485.41,1941.64
841,3,13,3,2023-01-19,pago,240.56,721.6800000000001
842,160,18,1,2023-12-19,pago,162.51,162.51
843,227,11,4,2023-07-12,pago,485.41,1941.64
844,269,12,4,2023-08-25,pago,296.59,1186.36
845,120,6,3,2023-10-04,cancelado,361.8,1085.4
846,89,9,4,2023-08-15,pago,67.63,270.52
847,68,16,3,2023-08-21,pago,379.24,1137.72
848,98,4,3,2023-02-09,pago,167.31,501.93
849,267,3,3,2023-11-19,pago,203.28,609.84
850,105,16,2,2023-06-02,pago,379.24,758.48
851,123,12,4,2023-05-07,pago,296.59,1186.36
852,29,11,3,2023-08-25,pago,485.41,1456.23
853,137,5,1,2023-02-24,cancelado,273.22,273.22
854,195,18,2,2023-06-21,pago,162.51,325.02
855,226,19,2,2023-04-19,pago,311.24,622.48
856,170,6,4,2023-12-20,pago,361.8,1447.2
857,9,18,3,2023-07-03,cancelado,162.51,487.53
858,40,6,4,2023-07-17,pago,361.8,1447.2
859,25,4,2,2023-03-28,pago,167.31,334.62
860,261,12,3,2023-07-20,cancelado,296.59,889.77
861,226,19,1,2023-12-03,pago,311.24,311.24
862,124,2,3,2023-11-18,pago,356.73,1070.19
863,38,17,2,2023-10-02,pago,107.46,214.92
864,251,11,1,2023-07-30,pago,485.41,485.41
865,176,11,3,2023-04-28,pago,485.41,1456.23
866,90,16,1,2023-07-10,pago,379.24,379.24
867,37,2,1,2023-02-11,pago,356.73,356.73
868,176,2,2,2023-02-11,pago,356.73,713.46
869,284,8,1,2023-11-11,pago,471.49,471.49
870,81,13,4,2023-10-03,pago,240.56,962.24
871,114,10,2,2023-11-25,pago,238.08,476.16
872,40,8,4,2023-01-17,pago,471.49,1885.96
873,224,4,1,2023-10-10,pago,167.31,167.31
874,115,15,4,2023-09-15,pago,309.17,1236.68
875,186,1,3,2023-03-04,pago,223.43,670.29
876,56,11,1,2023-03-03,pago,485.41,485.41
877,40,7,3,2023-04-10,pago,206.75,620.25
878,40,17,4,2023-01-19,pago,107.46,429.84
879,237,20,3,2023-01-17,pago,440.2,1320.6
880,289,18,1,2023-11-21,pago,162.51,162.51
881,262,12,3,2023-09-03,pago,296.59,889.77
882,216,9,4,2023-09-08,pago,67.63,270.52
883,147,5,4,2023-03-22,pago,273.22,1092.88
884,168,10,4,2023-02-08,pago,238.08,952.32
885,92,4,1,2023-02-05,cancelado,167.31,167.31
886,59,5,4,2023-07-16,pago,273.22,1092.88
887,59,10,1,2023-06-07,pago,238.08,238.08
888,169,11,3,2023-07-23,pago,485.41,1456.23
889,269,10,4,2023-07-15,pago,238.08,952.32
890,45,8,3,2023-08-04,cancelado,471.49,1414.47
891,181,2,2,2023-10-12,pago,356.73,713.46
892,170,8,3,2023-07-15,pago,471.49,1414.47
893,191,16,2,2023-11-03,pago,379.24,758.48
894,155,5,3,2023-06-01,pago,273.22,819.6600000000001
895,188,3,1,2023-01-14,pago,203.28,203.28
896,7,12,3,2023-11-21,pago,296.59,889.77
897,133,13,1,2023-05-26,pago,240.56,240.56
898,235,13,1,2023-02-26,pago,240.56,240.56
899,45,10,4,2023-07-30,pago,238.08,952.32
900,249,4,1,2023-09-25,pago,167.31,167.31
901,31,9,2,2023-07-29,pago,67.63,135.26
902,23,2,4,2023-01-17,pago,356.73,1426.92
903,160,19,4,2023-10-13,pago,311.24,1244.96
904,158,1,3,2023-12-10,pago,223.43,670.29
905,39,7,1,2023-07-22,pago,206.75,206.75
906,82,17,1,2023-04-09,pago,107.46,107.46
907,258,3,2,2023-10-06,cancelado,203.28,406.56
908,206,20,3,2023-07-28,pago,440.2,1320.6
909,77,20,3,2023-05-09,pago,440.2,1320.6
910,12,3,4,2023-12-01,pago,203.28,813.12
911,295,3,4,2023-10-15,pago,203.28,813.12
912,224,17,4,2023-09-09,pago,107.46,429.84
913,13,7,2,2023-09-22,pago,206.75,413.5
914,46,14,2,2023-09-28,pago,305.83,611.66
915,155,17,4,2023-07-07,cancelado,107.46,429.84
916,113,18,3,2023-08-02,pago,162.51,487.53
917,233,13,2,2023-10-10,pago,240.56,481.12
918,17,20,3,2023-07-30,pago,440.2,1320.6
919,223,20,3,2023-12-31,pago,440.2,1320.6
920,188,18,1,2023-03-17,pago,162.51,162.51
921,163,4,4,2023-05-28,pago,167.31,669.24
922,74,1,1,2023-11-17,cancelado,223.43,223.43
923,233,18,4,2023-08-01,cancelado,162.51,650.04
924,224,1,4,2023-04-19,pago,223.43,893.72
925,60,13,3,2023-05-09,pago,240.56,721.6800000000001
926,222,20,4,2023-01-10,pago,440.2,1760.8
927,37,20,3,2023-02-16,pago,440.2,1320.6
928,278,10,3,2023-11-11,pago,238.08,714.24
929,196,11,4,2023-04-06,pago,485.41,1941.64
930,242,9,3,2023-04-13,pago,67.63,202.89
931,219,9,3,2023-12-08,pago,67.63,202.89
932,192,5,3,2023-05-26,pago,273.22,819.6600000000001
933,17,1,2,2023-01-27,pago,223.43,446.86
934,12,17,3,2023-08-08,pago,107.46,322.38
935,193,2,2,2023-01-18,pago,356.73,713.46
936,22,13,2,2023-06-16,pago,240.56,481.12
937,120,9,3,2023-03-23,pago,67.63,202.89
938,210,4,3,2023-03-13,pago,167.31,501.93
939,270,5,2,2023-11-06,pago,273.22,546.44
940,192,11,2,2023-09-11,pago,485.41,970.82
941,175,19,3,2023-06-11,pago,311.24,933.72
942,285,3,3,2023-11-23,pago,203.28,609.84
943,204,12,4,2023-02-07,pago,296.59,1186.36
944,164,19,2,2023-07-20,pago,311.24,622.48
945,251,19,2,2023-07-19,pago,311.24,622.48
946,227,13,4,2023-09-12,pago,240.56,962.24
947,7,7,2,2023-06-28,pago,206.75,413.5
948,29,15,1,2023-02-04,pago,309.17,309.17
949,33,7,2,2023-03-23,pago,206.75,413.5
950,134,8,4,2023-08-08,pago,471.49,1885.96
951,79,5,1,2023-06-07,pago,273.22,273.22
952,58,14,3,2023-01-04,pago,305.83,917.49
953,26,4,4,2023-06-16,pago,167.31,669.24
954,226,10,4,2023-07-23,cancelado,238.08,952.32
955,285,20,3,2023-07-13,pago,440.2,1320.6
956,4,15,4,2023-08-23,pago,309.17,1236.68
957,99,18,2,2023-07-25,pago,162.51,325.02
958,39,20,3,2023-05-30,pago,440.2,1320.6
959,271,13,4,2023-06-08,pago,240.56,962.24
960,285,8,3,2023-10-06,pago,471.49,1414.47
961,157,9,3,2023-10-31,pago,67.63,202.89
962,75,16,3,2023-06-15,pago,379.24,1137.72
963,288,19,1,2023-11-07,pago,311.24,311.24
964,130,16,4,2023-03-09,pago,379.24,1516.96
965,175,7,1,2023-03-29,cancelado,206.75,206.75
966,84,14,4,2023-08-05,pago,305.83,1223.32
967,22,14,2,2023-01-01,pago,305.83,611.66
968,27,4,2,2023-05-15,pago,167.31,334.62
969,195,15,2,2023-07-04,pago,309.17,618.34
970,236,3,4,2023-12-17,pago,203.28,813.12
971,92,5,3,2023-05-20,pago,273.22,819.6600000000001
972,21,1,3,2023-04-16,pago,223.43,670.29
973,84,3,1,2023-05-13,pago,203.28,203.28
974,262,15,1,2023-04-18,cancelado,309.17,309.17
975,147,8,2,2023-06-27,pago,471.49,942.98
976,257,4,1,2023-10-25,pago,167.31,167.31
977,58,2,4,2023-12-24,pago,356.73,1426.92
978,15,10,4,2023-12-25,cancelado,238.08,952.32
979,162,4,1,2023-05-26,pago,167.31,167.31
980,163,3,1,2023-03-15,pago,203.28,203.28
981,281,2,1,2023-04-18,pago,356.73,356.73
982,280,17,1,2023-05-02,pago,107.46,107.46
983,12,20,2,2023-01-17,cancelado,440.2,880.4
984,274,13,2,2023-07-15,pago,240.56,481.12
985,271,5,1,2023-11-23,pago,273.22,273.22
986,208,9,4,2023-11-14,pago,67.63,270.52
987,27,6,2,2023-10-24,pago,361.8,723.6
988,72,5,4,2023-09-09,pago,273.22,1092.88
989,60,10,3,2023-04-29,pago,238.08,714.24
990,145,8,4,2023-06-11,pago,471.49,1885.96
991,93,7,1,2023-07-17,pago,206.75,206.75
992,8,7,3,2023-02-14,cancelado,206.75,620.25
993,79,6,2,2023-11-10,pago,361.8,723.6
994,27,20,2,2023-06-28,pago,440.2,880.4
995,174,3,3,2023-02-13,pago,203.28,609.84
996,50,19,4,2023-09-28,pago,311.24,1244.96
997,199,15,2,2023-03-19,pago,309.17,618.34
998,181,4,1,2023-11-22,pago,167.31,167.31
999,24,12,3,2023-06-27,pago,296.59,889.77
1000,46,6,1,2023-12-23,pago,361.8,361.8
1001,15,19,3,2023-01-03,pago,311.24,933.72
1002,153,4,2,2023-08-02,pago,167.31,334.62
1003,222,15,4,2023-12-08,cancelado,309.17,1236.68
1004,206,9,3,2023-03-15,pago,67.63,202.89
1005,273,5,3,2023-02-20,pago,273.22,819.6600000000001
1006,236,13,1,2023-03-08,pago,240.56,240.56
1007,228,18,2,2023-11-28,cancelado,162.51,325.02
1008,9,5,1,2023-04-03,pago,273.22,273.22
1009,166,16,2,2023-06-25,pago,379.24,758.48
1010,214,19,1,2023-05-25,pago,311.24,311.24
1011,117,14,3,2023-01-07,pago,305.83,917.49
1012,72,16,1,2023-09-26,pago,379.24,379.24
1013,64,15,4,2023-11-18,pago,309.17,1236.68
1014,205,4,2,2023-01-04,pago,167.31,334.62
1015,209,7,2,2023-05-18,cancelado,206.75,413.5
1016,72,16,3,2023-08-19,pago,379.24,1137.72
1017,277,8,2,2023-03-29,pago,471.49,942.98
1018,274,17,4,2023-01-17,pago,107.46,429.84
1019,95,16,1,2023-02-21,pago,379.24,379.24
1020,166,10,3,2023-05-14,pago,238.08,714.24
1021,32,10,4,2023-07-30,pago,238.08,952.32
1022,11,2,2,2023-11-21,pago,356.73,713.46
1023,217,9,2,2023-08-07,pago,67.63,135.26
1024,289,17,4,2023-07-24,pago,107.46,429.84
1025,102,11,1,2023-07-30,pago,485.41,485.41
1026,267,10,1,2023-10-04,pago,238.08,238.08
1027,214,17,3,2023-01-24,pago,107.46,322.38
1028,179,4,2,2023-01-04,pago,167.31,334.62
1029,88,16,4,2023-06-01,pago,379.24,1516.96
1030,41,20,1,2023-09-16,pago,440.2,440.2
1031,76,15,3,2023-11-20,pago,309.17,927.51
1032,46,5,2,2023-12-23,pago,273.22,546.44
1033,160,6,2,2023-06-17,pago,361.8,723.6
1034,80,17,3,2023-06-25,pago,107.46,322.38
1035,86,1,3,2023-11-06,pago,223.43,670.29
1036,92,19,1,2023-10-18,pago,311.24,311.24
1037,148,4,4,2023-02-25,pago,167.31,669.24
1038,161,17,2,2023-04-18,pago,107.46,214.92
1039,202,9,4,2023-10-23,cancelado,67.63,270.52
1040,242,2,2,2023-11-20,pago,356.73,713.46
1041,2,8,2,2023-10-29,pago,471.49,942.98
1042,225,15,4,2023-11-30,pago,309.17,1236.68
1043,289,7,3,2023-05-21,pago,206.75,620.25
1044,233,6,1,2023-06-04,pago,361.8,361.8
1045,77,1,2,2023-09-19,pago,223.43,446.86
1046,116,15,3,2023-09-30,pago,309.17,927.51
1047,154,7,2,2023-08-20,pago,206.75,413.5
1048,103,17,1,2023-08-29,cancelado,107.46,107.46
1049,194,2,2,2023-12-21,pago,356.73,713.46
1050,166,9,1,2023-12-03,pago,67.63,67.63
1051,90,9,1,2023-09-15,pago,67.63,67.63
1052,174,13,2,2023-09-06,pago,240.56,481.12
1053,122,6,2,2023-03-18,pago,361.8,723.6
1054,143,6,1,2023-06-29,pago,361.8,361.8
1055,106,20,3,2023-03-07,pago,440.2,1320.6
1056,123,20,4,2023-11-04,pago,440.2,1760.8
1057,9,3,1,2023-12-14,pago,203.28,203.28
1058,262,17,2,2023-06-20,pago,107.46,214.92
1059,73,17,2,2023-01-22,pago,107.46,214.92
1060,223,12,3,2023-04-17,pago,296.59,889.77
1061,41,16,4,2023-11-19,cancelado,379.24,1516.96
1062,204,15,1,2023-08-15,cancelado,309.17,309.17
1063,264,13,1,2023-08-04,pago,240.56,240.56
1064,178,1,4,2023-03-10,pago,223.43,893.72
1065,84,17,1,2023-03-25,pago,107.46,107.46
1066,111,3,4,2023-04-13,pago,203.28,813.12
1067,251,15,2,2023-02-08,cancelado,309.17,618.34
1068,7,4,4,2023-01-13,pago,167.31,669.24
1069,84,4,1,2023-10-24,pago,167.31,167.31
1070,208,18,4,2023-11-09,pago,162.51,650.04
1071,22,17,3,2023-06-30,pago,107.46,322.38
1072,3,19,2,2023-09-25,pago,311.24,622.48
1073,127,11,2,2023-01-13,pago,485.41,970.82
1074,297,20,4,2023-04-30,pago,440.2,1760.8
1075,188,3,1,2023-12-19,pago,203.28,203.28
1076,14,8,3,2023-02-26,pago,471.49,1414.47
1077,12,14,2,2023-02-09,pago,305.83,611.66
1078,87,1,2,2023-12-02,pago,223.43,446.86
1079,12,14,1,2023-05-08,pago,305.83,305.83
1080,25,2,1,2023-06-22,pago,356.73,356.73
1081,243,4,3,2023-02-04,cancelado,167.31,501.93
1082,122,19,4,2023-09-16,cancelado,311.24,1244.96
1083,147,6,1,2023-01-05,cancelado,361.8,361.8
1084,55,1,4,2023-08-06,pago,223.43,893.72
1085,238,17,3,2023-01-11,pago,107.46,322.38
1086,173,8,4,2023-11-23,pago,471.49,1885.96
1087,221,19,2,2023-04-27,pago,311.24,622.48
1088,119,1,4,2023-07-03,cancelado,223.43,893.72
1089,183,5,3,2023-12-28,pago,273.22,819.6600000000001
1090,288,16,3,2023-04-26,pago,379.24,1137.72
1091,300,6,3,2023-06-11,cancelado,361.8,1085.4
1092,82,8,4,2023-03-08,pago,471.49,1885.96
1093,211,13,2,2023-07-19,pago,240.56,481.12
1094,150,16,1,2023-01-31,pago,379.24,379.24
1095,37,3,2,2023-03-16,pago,203.28,406.56
1096,59,19,4,2023-08-25,pago,311.24,1244.96
1097,131,12,4,2023-11-23,pago,296.59,1186.36
1098,202,16,1,2023-03-07,pago,379.24,379.24
1099,243,11,4,2023-03-11,pago,485.41,1941.64
1100,35,10,3,2023-10-24,pago,238.08,714.24
1101,93,20,3,2023-01-20,pago,440.2,1320.6
1102,207,4,3,2023-08-14,pago,167.31,501.93
1103,213,12,3,2023-07-18,pago,296.59,889.77
1104,159,2,3,2023-02-08,cancelado,356.73,1070.19
1105,24,19,4,2023-05-25,pago,311.24,1244.96
1106,293,5,1,2023-02-14,pago,273.22,273.22
1107,4,8,1,2023-11-22,pago,471.49,471.49
1108,220,7,3,2023-04-01,pago,206.75,620.25
1109,20,14,4,2023-08-26,pago,305.83,1223.32
1110,152,3,2,2023-03-11,pago,203.28,406.56
1111,50,18,2,2023-06-15,pago,162.51,325.02
1112,177,16,4,2023-05-10,pago,379.24,1516.96
1113,96,19,3,2023-08-02,pago,311.24,933.72
1114,105,19,1,2023-12-06,cancelado,311.24,311.24
1115,250,18,4,2023-03-30,pago,162.51,650.04
1116,117,20,2,2023-12-01,cancelado,440.2,880.4
1117,228,16,2,2023-09-09,pago,379.24,758.48
1118,66,8,2,2023-12-15,pago,471.49,942.98
1119,262,1,3,2023-03-13,pago,223.43,670.29
1120,295,17,2,2023-06-14,pago,107.46,214.92
1121,243,12,4,2023-02-18,pago,296.59,1186.36
1122,186,11,4,2023-02-21,pago,485.41,1941.64
1123,246,5,2,2023-10-16,pago,273.22,546.44
1124,125,12,4,2023-10-05,pago,296.59,1186.36
1125,268,17,2,2023-04-24,pago,107.46,214.92
1126,131,6,2,2023-08-27,pago,361.8,723.6
1127,237,1,1,2023-05-13,pago,223.43,223.43
1128,18,5,3,2023-10-01,pago,273.22,819.6600000000001
1129,40,14,3,2023-06-15,pago,305.83,917.49
1130,21,5,1,2023-10-20,pago,273.22,273.22
1131,225,1,1,2023-08-31,pago,223.43,223.43
1132,282,18,3,2023-11-16,pago,162.51,487.53
1133,8,16,2,2023-05-18,pago,379.24,758.48
1134,100,9,2,2023-03-20,cancelado,67.63,135.26
1135,240,19,3,2023-06-19,pago,311.24,933.72
1136,87,5,2,2023-05-03,pago,273.22,546.44
1137,298,2,1,2023-06-25,pago,356.73,356.73
1138,14,15,2,2023-10-27,pago,309.17,618.34
1139,2,7,2,2023-03-23,pago,206.75,413.5
1140,293,4,4,2023-03-28,pago,167.31,669.24
1141,41,1,4,2023-08-13,pago,223.43,893.72
1142,111,13,4,2023-01-16,pago,240.56,962.24
1143,14,20,2,2023-11-06,pago,440.2,880.4
1144,231,7,3,2023-12-24,pago,206.75,620.25
1145,84,15,1,2023-06-12,pago,309.17,309.17
1146,130,14,2,2023-04-08,pago,305.83,611.66
1147,231,19,3,2023-06-05,pago,311.24,933.72
1148,145,20,2,2023-01-02,pago,440.2,880.4
1149,28,18,1,2023-12-16,pago,162.51,162.51
1150,66,10,2,2023-06-18,pago,238.08,476.16
1151,163,9,1,2023-11-11,cancelado,67.63,67.63
1152,229,8,2,2023-11-21,pago,471.49,942.98
1153,261,10,1,2023-04-02,pago,238.08,238.08
1154,164,17,2,2023-06-30,pago,107.46,214.92
1155,287,2,1,2023-08-19,pago,356.73,356.73
1156,10,6,4,2023-10-28,pago,361.8,1447.2
1157,195,5,2,2023-05-28,pago,273.22,546.44
1158,118,9,2,2023-10-07,cancelado,67.63,135.26
1159,270,5,3,2023-07-08,pago,273.22,819.6600000000001
1160,80,18,3,2023-12-13,pago,162.51,487.53
1161,93,20,1,2023-12-16,pago,440.2,440.2
1162,266,9,2,2023-11-10,pago,67.63,135.26
1163,257,17,1,2023-05-08,pago,107.46,107.46
1164,133,17,4,2023-01-07,pago,107.46,429.84
1165,276,12,3,2023-02-16,pago,296.59,889.77
1166,264,7,1,2023-02-22,pago,206.75,206.75
1167,171,3,1,2023-07-06,pago,203.28,203.28
1168,1,10,3,2023-02-07,cancelado,238.08,714.24
1169,64,2,2,2023-08-14,pago,356.73,713.46
1170,284,3,1,2023-02-22,pago,203.28,203.28
1171,121,16,3,2023-08-12,pago,379.24,1137.72
1172,107,2,2,2023-06-03,pago,356.73,713.46
1173,175,10,4,2023-02-17,cancelado,238.08,952.32
1174,204,6,3,2023-12-17,pago,361.8,1085.4
1175,165,11,1,2023-05-27,pago,485.41,485.41
1176,120,7,4,2023-03-05,pago,206.75,827.0
1177,44,15,2,2023-12-15,pago,309.17,618.34
1178,156,6,2,2023-07-01,cancelado,361.8,723.6
1179,207,20,3,2023-05-05,pago,440.2,1320.6
1180,108,9,3,2023-06-28,pago,67.63,202.89
1181,251,20,3,2023-02-08,pago,440.2,1320.6
1182,130,12,2,2023-09-17,cancelado,296.59,593.18
1183,293,19,4,2023-01-03,pago,311.24,1244.96
1184,20,20,2,2023-03-05,pago,440.2,880.4
1185,282,3,1,2023-01-29,pago,203.28,203.28
1186,285,15,2,2023-01-11,pago,309.17,618.34
1187,1,2,1,2023-04-07,pago,356.73,356.73
1188,119,2,4,2023-12-24,pago,356.73,1426.92
1189,35,3,3,2023-07-22,pago,203.28,609.84
1190,198,6,3,2023-01-21,pago,361.8,1085.4
1191,245,15,2,2023-02-08,pago,309.17,618.34
1192,59,10,3,2023-08-11,pago,238.08,714.24
1193,161,9,4,2023-04-12,pago,67.63,270.52
1194,179,1,3,2023-02-15,pago,223.43,670.29
1195,206,16,2,2023-03-07,cancelado,379.24,758.48
1196,12,6,4,2023-04-01,pago,361.8,1447.2
1197,276,9,1,2023-06-13,pago,67.63,67.63
1198,181,4,2,2023-04-21,pago,167.31,334.62
1199,242,2,1,2023-12-04,pago,356.73,356.73
1200,216,4,4,2023-05-03,pago,167.31,669.24
1201,251,1,2,2023-07-12,pago,223.43,446.86
1202,299,19,2,2023-04-09,pago,311.24,622.48
1203,126,10,4,2023-10-18,cancelado,238.08,952.32
1204,217,15,3,2023-06-08,pago,309.17,927.51
1205,285,19,2,2023-04-13,pago,311.24,622.48
1206,185,16,2,2023-10-08,pago,379.24,758.48
1207,39,4,1,2023-02-12,pago,167.31,167.31
1208,223,2,3,2023-03-25,pago,356.73,1070.19
1209,184,13,1,2023-07-10,pago,240.56,240.56
1210,178,1,1,2023-02-20,pago,223.43,223.43
1211,294,17,3,2023-07-29,pago,107.46,322.38
1212,151,13,3,2023-05-06,cancelado,240.56,721.6800000000001
1213,126,4,4,2023-03-10,pago,167.31,669.24
1214,234,7,3,2023-09-22,pago,206.75,620.25
1215,8,17,2,2023-09-15,pago,107.46,214.92
1216,129,9,3,2023-07-07,pago,67.63,202.89
1217,264,4,4,2023-08-18,pago,167.31,669.24
1218,157,19,4,2023-07-08,pago,311.24,1244.96
1219,5,1,4,2023-01-10,cancelado,223.43,893.72
1220,86,10,3,2023-04-24,cancelado,238.08,714.24
1221,175,4,3,2023-03-17,pago,167.31,501.93
1222,290,9,1,2023-06-13,pago,67.63,67.63
1223,193,13,1,2023-03-26,pago,240.56,240.56
1224,119,14,2,2023-02-18,pago,305.83,611.66
1225,218,10,1,2023-11-22,pago,238.08,238.08
1226,114,6,2,2023-06-26,pago,361.8,723.6
1227,145,16,4,2023-08-06,pago,379.24,1516.96
1228,26,6,1,2023-07-08,pago,361.8,361.8
1229,136,17,3,2023-12-12,pago,107.46,322.38
1230,232,10,1,2023-08-18,pago,238.08,238.08
1231,76,18,2,2023-09-12,pago,162.51,325.02
1232,289,18,1,2023-08-24,cancelado,162.51,162.51
1233,1,3,4,2023-01-26,pago,203.28,813.12
1234,147,20,3,2023-03-13,pago,440.2,1320.6
1235,287,15,2,2023-09-18,pago,309.17,618.34
1236,142,15,3,2023-09-11,pago,309.17,927.51
1237,53,4,3,2023-09-28,pago,167.31,501.93
1238,69,9,2,2023-05-03,pago,67.63,135.26
1239,90,19,3,2023-05-24,pago,311.24,933.72
1240,220,17,3,2023-09-14,pago,107.46,322.38
1241,192,11,1,2023-05-24,pago,485.41,485.41
1242,63,9,3,2023-09-16,pago,67.63,202.89
1243,73,10,3,2023-02-16,pago,238.08,714.24
1244,161,18,3,2023-12-17,pago,162.51,487.53
1245,169,20,3,2023-01-13,cancelado,440.2,1320.6
1246,89,13,2,2023-07-27,pago,240.56,481.12
1247,176,8,4,2023-11-07,pago,471.49,1885.96
1248,269,7,1,2023-08-23,pago,206.75,206.75
1249,73,17,3,2023-05-29,pago,107.46,322.38
1250,245,15,3,2023-11-18,cancelado,309.17,927.51
1251,77,20,2,2023-06-04,pago,440.2,880.4
1252,159,15,4,2023-06-15,pago,309.17,1236.68
1253,98,1,3,2023-03-31,pago,223.43,670.29
1254,102,14,2,2023-07-05,pago,305.83,611.66
1255,132,5,1,2023-11-14,pago,273.22,273.22
1256,102,11,1,2023-12-24,pago,485.41,485.41
1257,19,16,3,2023-06-23,pago,379.24,1137.72
1258,82,2,3,2023-08-05,pago,356.73,1070.19
1259,279,8,4,2023-09-21,pago,471.49,1885.96
1260,129,11,4,2023-04-07,pago,485.41,1941.64
1261,89,18,3,2023-04-27,pago,162.51,487.53
1262,213,3,2,2023-07-18,pago,203.28,406.56
1263,143,1,4,2023-11-16,pago,223.43,893.72
1264,65,11,3,2023-01-21,pago,485.41,1456.23
1265,76,16,4,2023-07-19,pago,379.24,1516.96
1266,199,18,3,2023-12-07,pago,162.51,487.53
1267,143,16,1,2023-09-05,pago,379.24,379.24
1268,93,10,3,2023-10-03,pago,238.08,714.24
1269,224,18,1,2023-09-21,pago,162.51,162.51
1270,291,6,4,2023-02-27,cancelado,361.8,1447.2
1271,102,19,3,2023-10-29,pago,311.24,933.72
1272,267,4,4,2023-01-31,pago,167.31,669.24
1273,110,13,1,2023-09-06,pago,240.56,240.56
1274,265,14,3,2023-04-03,pago,305.83,917.49
1275,3,3,4,2023-09-22,pago,203.28,813.12
1276,85,10,1,2023-09-28,pago,238.08,238.08
1277,282,6,4,2023-04-04,pago,361.8,1447.2
1278,117,1,2,2023-06-03,pago,223.43,446.86
1279,221,14,1,2023-10-12,pago,305.83,305.83
1280,154,8,1,2023-03-21,pago,471.49,471.49
1281,153,19,1,2023-10-19,pago,311.24,311.24
1282,12,14,3,2023-03-25,pago,305.83,917.49
1283,133,10,3,2023-12-31,pago,238.08,714.24
1284,293,17,3,2023-02-06,pago,107.46,322.38
1285,300,9,2,2023-12-08,pago,67.63,135.26
1286,228,6,2,2023-11-23,pago,361.8,723.6
1287,271,11,1,2023-08-20,pago,485.41,485.41
1288,43,7,2,2023-04-03,pago,206.75,413.5
1289,21,17,4,2023-12-02,pago,107.46,429.84
1290,107,1,1,2023-04-12,pago,223.43,223.43
1291,117,5,1,2023-06-15,pago,273.22,273.22
1292,124,9,4,2023-06-08,pago,67.63,270.52
1293,281,18,1,2023-01-14,pago,162.51,162.51
1294,292,2,2,2023-08-13,pago,356.73,713.46
1295,203,11,3,2023-03-14,pago,485.41,1456.23
1296,51,6,4,2023-09-06,pago,361.8,1447.2
1297,271,8,2,2023-04-01,pago,471.49,942.98
1298,277,4,4,2023-08-04,pago,167.31,669.24
1299,141,18,4,2023-03-31,pago,162.51,650.04
1300,275,11,1,2023-01-29,pago,485.41,485.41
1301,290,5,1,2023-11-01,pago,273.22,273.22
1302,52,15,2,2023-08-08,pago,309.17,618.34
1303,27,18,4,2023-11-24,pago,162.51,650.04
1304,157,2,1,2023-08-03,pago,356.73,356.73
1305,239,11,1,2023-08-09,pago,485.41,485.41
1306,156,13,4,2023-02-11,pago,240.56,962.24
1307,291,4,2,2023-05-15,pago,167.31,334.62
1308,136,7,2,2023-02-11,pago,206.75,413.5
1309,144,11,4,2023-06-13,pago,485.41,1941.64
1310,106,4,2,2023-12-27,pago,167.31,334.62
1311,158,15,1,2023-10-10,pago,309.17,309.17
1312,146,1,4,2023-02-27,pago,223.43,893.72
1313,2,3,1,2023-10-29,pago,203.28,203.28
1314,77,14,3,2023-11-18,pago,305.83,917.49
1315,132,6,3,2023-01-25,pago,361.8,1085.4
1316,90,18,2,2023-03-14,pago,162.51,325.02
1317,263,1,3,2023-05-09,pago,223.43,670.29
1318,108,6,1,2023-03-28,cancelado,361.8,361.8
1319,74,6,3,2023-11-26,pago,361.8,1085.4
1320,39,16,1,2023-06-02,pago,379.24,379.24
1321,159,5,2,2023-07-01,pago,273.22,546.44
1322,71,17,2,2023-05-05,pago,107.46,214.92
1323,241,10,1,2023-03-08,pago,238.08,238.08
1324,298,18,3,2023-01-06,pago,162.51,487.53
1325,36,7,2,2023-05-05,cancelado,206.75,413.5
1326,84,3,4,2023-11-10,pago,203.28,813.12
1327,263,13,2,2023-11-22,pago,240.56,481.12
1328,172,15,3,2023-02-22,pago,309.17,927.51
1329,173,20,4,2023-03-07,pago,440.2,1760.8
1330,47,19,3,2023-11-10,pago,311.24,933.72
1331,141,3,1,2023-03-23,pago,203.28,203.28
1332,118,4,4,2023-03-28,pago,167.31,669.24
1333,277,5,3,2023-01-02,pago,273.22,819.6600000000001
1334,214,1,4,2023-07-23,pago,223.43,893.72
1335,220,4,3,2023-05-30,pago,167.31,501.93
1336,26,12,4,2023-10-20,pago,296.59,1186.36
1337,9,10,3,2023-04-13,pago,238.08,714.24
1338,271,20,1,2023-01-24,pago,440.2,440.2
1339,10,13,4,2023-07-31,pago,240.56,962.24
1340,121,14,4,2023-03-06,pago,305.83,1223.32
1341,125,5,4,2023-07-28,pago,273.22,1092.88
1342,170,4,4,2023-09-08,pago,167.31,669.24
1343,72,14,1,2023-04-27,pago,305.83,305.83
1344,152,10,4,2023-04-26,pago,238.08,952.32
1345,208,17,2,2023-08-25,pago,107.46,214.92
1346,49,10,1,2023-04-15,pago,238.08,238.08
1347,154,7,2,2023-09-16,pago,206.75,413.5
1348,293,16,4,2023-02-15,pago,379.24,1516.96
1349,68,1,3,2023-11-07,pago,223.43,670.29
1350,50,17,2,2023-11-27,cancelado,107.46,214.92
1351,152,9,4,2023-08-04,pago,67.63,270.52
1352,19,6,2,2023-10-28,pago,361.8,723.6
1353,100,19,4,2023-11-29,pago,311.24,1244.96
1354,60,13,4,2023-01-24,pago,240.56,962.24
1355,167,3,4,2023-02-04,pago,203.28,813.12
1356,202,7,3,2023-01-24,pago,206.75,620.25
1357,146,9,2,2023-01-28,pago,67.63,135.26
1358,164,5,1,2023-01-16,pago,273.22,273.22
1359,242,10,1,2023-02-28,pago,238.08,238.08
1360,69,17,1,2023-08-31,pago,107.46,107.46
1361,175,12,1,2023-07-26,pago,296.59,296.59
1362,49,16,4,2023-09-28,pago,379.24,1516.96
1363,108,3,2,2023-09-06,pago,203.28,406.56
1364,226,9,2,2023-09-24,pago,67.63,135.26
1365,161,15,3,2023-07-12,pago,309.17,927.51
1366,119,5,2,2023-12-01,pago,273.22,546.44
1367,149,13,2,2023-08-06,pago,240.56,481.12
1368,150,14,2,2023-04-25,cancelado,305.83,611.66
1369,293,20,3,2023-03-09,pago,440.2,1320.6
1370,143,15,1,2023-10-26,pago,309.17,309.17
1371,160,16,2,2023-11-21,pago,379.24,758.48
1372,11,13,3,2023-03-16,cancelado,240.56,721.6800000000001
1373,138,17,3,2023-04-13,pago,107.46,322.38
1374,78,8,4,2023-10-24,cancelado,471.49,1885.96
1375,77,2,3,2023-06-27,pago,356.73,1070.19
1376,254,5,1,2023-08-03,pago,273.22,273.22
1377,258,6,2,2023-11-11,pago,361.8,723.6
1378,291,12,3,2023-02-08,pago,296.59,889.77
1379,263,18,1,2023-09-16,pago,162.51,162.51
1380,85,1,3,2023-07-23,pago,223.43,670.29
1381,146,17,3,2023-01-07,pago,107.46,322.38
1382,42,11,3,2023-02-18,pago,485.41,1456.23
1383,125,10,3,2023-01-26,pago,238.08,714.24
1384,167,19,3,2023-06-10,pago,311.24,933.72
1385,241,14,1,2023-12-23,pago,305.83,305.83
1386,280,10,2,2023-06-25,pago,238.08,476.16
1387,188,15,2,2023-03-20,pago,309.17,618.34
1388,19,19,2,2023-01-02,pago,311.24,622.48
1389,68,4,2,2023-05-12,pago,167.31,334.62
1390,218,2,1,2023-10-03,pago,356.73,356.73
1391,102,9,4,2023-04-27,pago,67.63,270.52
1392,42,10,4,2023-06-13,pago,238.08,952.32
1393,288,11,1,2023-10-15,pago,485.41,485.41
1394,167,14,1,2023-01-28,pago,305.83,305.83
1395,109,7,3,2023-11-29,pago,206.75,620.25
1396,36,15,3,2023-01-01,pago,309.17,927.51
1397,232,19,3,2023-07-07,pago,311.24,933.72
1398,229,15,2,2023-02-25,pago,309.17,618.34
1399,164,8,3,2023-02-04,pago,471.49,1414.47
1400,73,11,4,2023-04-22,pago,485.41,1941.64
1401,136,9,2,2023-10-13,pago,67.63,135.26
1402,70,15,3,2023-11-06,pago,309.17,927.51
1403,196,1,2,2023-02-05,pago,223.43,446.86
1404,269,1,4,2023-08-05,pago,223.43,893.72
1405,49,19,3,2023-03-21,pago,311.24,933.72
1406,130,3,4,2023-11-10,cancelado,203.28,813.12
1407,5,10,4,2023-03-24,pago,238.08,952.32
1408,27,8,4,2023-03-06,pago,471.49,1885.96
1409,160,15,3,2023-11-21,pago,309.17,927.51
1410,149,10,1,2023-05-08,pago,238.08,238.08
1411,264,1,3,2023-11-03,pago,223.43,670.29
1412,230,18,4,2023-01-22,pago,162.51,650.04
1413,200,2,3,2023-08-04,cancelado,356.73,1070.19
1414,50,19,4,2023-04-17,pago,311.24,1244.96
1415,67,13,1,2023-04-19,pago,240.56,240.56
1416,300,1,2,2023-12-23,pago,223.43,446.86
1417,58,2,1,2023-06-30,pago,356.73,356.73
1418,259,16,1,2023-12-22,pago,379.24,379.24
1419,130,15,2,2023-06-13,pago,309.17,618.34
1420,215,13,3,2023-03-09,pago,240.56,721.6800000000001
1421,172,16,2,2023-10-19,pago,379.24,758.48
1422,258,17,3,2023-06-29,pago,107.46,322.38
1423,102,7,3,2023-06-30,pago,206.75,620.25
1424,209,17,4,2023-06-18,pago,107.46,429.84
1425,291,7,4,2023-01-22,pago,206.75,827.0
1426,286,13,2,2023-03-07,pago,240.56,481.12
1427,116,5,1,2023-01-21,pago,273.22,273.22
1428,264,17,2,2023-04-10,pago,107.46,214.92
1429,150,3,3,2023-10-27,cancelado,203.28,609.84
1430,300,7,4,2023-04-13,pago,206.75,827.0
1431,36,17,2,2023-02-16,pago,107.46,214.92
1432,287,7,2,2023-02-08,pago,206.75,413.5
1433,208,1,4,2023-10-12,pago,223.43,893.72
1434,106,17,4,2023-11-06,pago,107.46,429.84
1435,158,17,4,2023-03-31,pago,107.46,429.84
1436,121,11,3,2023-03-26,pago,485.41,1456.23
1437,55,3,4,2023-09-30,pago,203.28,813.12
1438,12,15,1,2023-12-02,pago,309.17,309.17
1439,145,11,2,2023-07-07,pago,485.41,970.82
1440,136,16,4,2023-06-08,pago,379.24,1516.96
1441,3,9,4,2023-08-31,cancelado,67.63,270.52
1442,144,1,3,2023-03-14,pago,223.43,670.29
1443,30,16,3,2023-02-18,pago,379.24,1137.72
1444,237,9,2,2023-04-11,pago,67.63,135.26
1445,279,19,1,2023-01-02,pago,311.24,311.24
1446,115,12,2,2023-09-01,pago,296.59,593.18
1447,104,19,4,2023-06-25,pago,311.24,1244.96
1448,118,9,1,2023-08-26,pago,67.63,67.63
1449,5,7,1,2023-02-28,pago,206.75,206.75
1450,248,14,1,2023-12-19,pago,305.83,305.83
1451,121,19,1,2023-04-09,pago,311.24,311.24
1452,286,19,2,2023-12-25,pago,311.24,622.48
1453,149,2,3,2023-01-02,pago,356.73,1070.19
1454,84,9,3,2023-08-31,pago,67.63,202.89
1455,231,13,4,2023-10-24,pago,240.56,962.24
1456,288,15,3,2023-07-30,pago,309.17,927.51
1457,161,3,3,2023-05-03,pago,203.28,609.84
1458,272,11,3,2023-08-17,cancelado,485.41,1456.23
1459,38,14,3,2023-03-23,pago,305.83,917.49
1460,226,8,4,2023-05-24,pago,471.49,1885.96
1461,142,18,2,2023-05-20,cancelado,162.51,325.02
1462,292,19,1,2023-01-29,pago,311.24,311.24
1463,151,16,3,2023-09-27,pago,379.24,1137.72
1464,114,2,2,2023-09-04,pago,356.73,713.46
1465,237,8,3,2023-01-12,pago,471.49,1414.47
1466,66,6,3,2023-12-21,cancelado,361.8,1085.4
1467,258,12,1,2023-12-03,pago,296.59,296.59
1468,249,15,1,2023-04-16,pago,309.17,309.17
1469,180,8,1,2023-02-01,pago,471.49,471.49
1470,190,4,3,2023-03-15,pago,167.31,501.93
1471,154,15,3,2023-06-20,pago,309.17,927.51
1472,196,20,3,2023-12-03,pago,440.2,1320.6
1473,262,17,1,2023-03-10,pago,107.46,107.46
1474,143,13,4,2023-10-28,pago,240.56,962.24
1475,101,18,2,2023-12-28,cancelado,162.51,325.02
1476,244,2,4,2023-05-17,pago,356.73,1426.92
1477,12,13,3,2023-04-10,pago,240.56,721.6800000000001
1478,239,13,3,2023-05-26,pago,240.56,721.6800000000001
1479,49,15,4,2023-01-09,pago,309.17,1236.68
1480,42,20,3,2023-03-03,pago,440.2,1320.6
1481,166,10,2,2023-07-04,cancelado,238.08,476.16
1482,82,3,3,2023-01-29,pago,203.28,609.84
1483,291,19,2,2023-04-24,pago,311.24,622.48
1484,158,3,4,2023-05-23,pago,203.28,813.12
1485,216,14,4,2023-04-30,pago,305.83,1223.32
1486,158,8,3,2023-06-19,pago,471.49,1414.47
1487,134,4,2,2023-06-06,pago,167.31,334.62
1488,67,20,3,2023-12-01,pago,440.2,1320.6
1489,7,11,1,2023-12-15,pago,485.41,485.41
1490,14,11,1,2023-09-17,pago,485.41,485.41
1491,73,11,1,2023-03-23,cancelado,485.41,485.41
1492,163,2,1,2023-08-30,pago,356.73,356.73
1493,66,17,3,2023-06-21,pago,107.46,322.38
1494,130,9,1,2023-08-19,pago,67.63,67.63
1495,206,2,2,2023-07-27,pago,356.73,713.46
1496,276,15,4,2023-03-16,cancelado,309.17,1236.68
1497,256,16,4,2023-09-27,pago,379.24,1516.96
1498,266,4,1,2023-04-24,pago,167.31,167.31
1499,25,8,1,2023-03-03,pago,471.49,471.49
1500,281,9,1,2023-12-28,pago,67.63,67.63
1501,253,5,3,2023-11-16,pago,273.22,819.6600000000001
1502,289,16,4,2023-04-12,pago,379.24,1516.96
1503,164,13,1,2023-12-28,pago,240.56,240.56
1504,95,7,2,2023-07-29,pago,206.75,413.5
1505,270,20,1,2023-09-12,pago,440.2,440.2
1506,110,17,4,2023-01-20,pago,107.46,429.84
1507,238,3,1,2023-02-27,pago,203.28,203.28
1508,25,5,4,2023-04-22,pago,273.22,1092.88
1509,141,19,1,2023-11-09,pago,311.24,311.24
1510,117,12,2,2023-07-15,pago,296.59,593.18
1511,25,7,1,2023-12-19,pago,206.75,206.75
1512,79,9,2,2023-04-02,pago,67.63,135.26
1513,68,6,2,2023-02-21,pago,361.8,723.6
1514,173,17,1,2023-10-20,pago,107.46,107.46
1515,12,16,2,2023-01-08,pago,379.24,758.48
1516,288,3,3,2023-10-27,pago,203.28,609.84
1517,128,4,1,2023-04-08,pago,167.31,167.31
1518,96,10,1,2023-08-24,pago,238.08,238.08
1519,92,5,2,2023-03-10,pago,273.22,546.44
1520,141,10,2,2023-02-14,pago,238.08,476.16
1521,31,12,1,2023-05-17,pago,296.59,296.59
1522,20,10,3,2023-08-22,pago,238.08,714.24
1523,146,13,2,2023-02-01,pago,240.56,481.12
1524,160,11,2,2023-10-16,pago,485.41,970.82
1525,43,16,4,2023-05-06,pago,379.24,1516.96
1526,254,8,3,2023-03-08,pago,471.49,1414.47
1527,130,8,3,2023-01-30,pago,471.49,1414.47
1528,60,8,1,2023-04-24,pago,471.49,471.49
1529,151,13,3,2023-07-23,pago,240.56,721.6800000000001
1530,287,2,1,2023-01-29,pago,356.73,356.73
1531,5,12,4,2023-05-11,pago,296.59,1186.36
1532,266,10,3,2023-07-04,pago,238.08,714.24
1533,130,12,2,2023-09-10,pago,296.59,593.18
1534,267,11,4,2023-10-13,pago,485.41,1941.64
1535,178,15,1,2023-03-03,pago,309.17,309.17
1536,253,16,4,2023-01-03,pago,379.24,1516.96
1537,56,17,1,2023-03-09,pago,107.46,107.46
1538,83,2,4,2023-01-25,pago,356.73,1426.92
1539,99,18,1,2023-06-28,pago,162.51,162.51
1540,149,12,3,2023-05-21,cancelado,296.59,889.77
1541,156,19,2,2023-08-19,pago,311.24,622.48
1542,190,18,1,2023-10-27,pago,162.51,162.51
1543,263,17,4,2023-06-12,cancelado,107.46,429.84
1544,80,6,1,2023-11-07,pago,361.8,361.8
1545,252,15,1,2023-05-10,pago,309.17,309.17
1546,97,3,1,2023-09-03,pago,203.28,203.28
1547,260,6,4,2023-10-24,pago,361.8,1447.2
1548,260,3,2,2023-06-21,pago,203.28,406.56
1549,103,1,3,2023-03-05,pago,223.43,670.29
1550,40,13,2,2023-01-31,pago,240.56,481.12
1551,273,14,1,2023-02-16,pago,305.83,305.83
1552,101,13,4,2023-05-10,pago,240.56,962.24
1553,221,4,2,2023-12-18,pago,167.31,334.62
1554,124,7,1,2023-11-29,pago,206.75,206.75
1555,231,10,3,2023-04-20,pago,238.08,714.24
1556,178,7,3,2023-03-10,pago,206.75,620.25
1557,63,15,3,2023-02-27,cancelado,309.17,927.51
1558,116,15,1,2023-04-16,pago,309.17,309.17
1559,191,4,4,2023-10-27,pago,167.31,669.24
1560,62,6,2,2023-11-26,pago,361.8,723.6
1561,256,20,3,2023-09-13,pago,440.2,1320.6
1562,7,5,1,2023-11-08,pago,273.22,273.22
1563,155,20,1,2023-06-20,cancelado,440.2,440.2
1564,92,12,2,2023-06-11,pago,296.59,593.18
1565,14,1,3,2023-10-13,pago,223.43,670.29
1566,229,8,1,2023-03-12,pago,471.49,471.49
1567,86,1,2,2023-09-12,pago,223.43,446.86
1568,133,5,4,2023-02-24,pago,273.22,1092.88
1569,183,6,4,2023-11-19,pago,361.8,1447.2
1570,62,3,4,2023-01-03,pago,203.28,813.12
1571,219,15,3,2023-01-26,pago,309.17,927.51
1572,246,5,2,2023-11-09,pago,273.22,546.44
1573,230,14,2,2023-05-06,pago,305.83,611.66
1574,79,18,1,2023-02-22,pago,162.51,162.51
1575,149,16,1,2023-07-17,pago,379.24,379.24
1576,138,6,1,2023-10-26,pago,361.8,361.8
1577,65,14,2,2023-07-07,pago,305.83,611.66
1578,13,8,1,2023-07-05,cancelado,471.49,471.49
1579,213,7,2,2023-11-01,pago,206.75,413.5
1580,242,8,2,2023-10-25,cancelado,471.49,942.98
1581,213,13,4,2023-07-23,pago,240.56,962.24
1582,181,6,1,2023-01-11,cancelado,361.8,361.8
1583,173,18,4,2023-12-25,pago,162.51,650.04
1584,160,2,3,2023-12-20,cancelado,356.73,1070.19
1585,164,8,3,2023-05-26,pago,471.49,1414.47
1586,188,11,3,2023-03-26,pago,485.41,1456.23
1587,191,1,2,2023-04-10,cancelado,223.43,446.86
1588,256,6,2,2023-04-14,pago,361.8,723.6
1589,183,16,2,2023-02-15,pago,379.24,758.48
1590,117,20,1,2023-02-13,pago,440.2,440.2
1591,282,12,4,2023-10-05,cancelado,296.59,1186.36
1592,196,11,2,2023-06-30,pago,485.41,970.82
1593,34,10,4,2023-07-06,pago,238.08,952.32
1594,52,3,4,2023-04-24,pago,203.28,813.12
1595,112,13,4,2023-09-12,pago,240.56,962.24
1596,252,3,1,2023-01-30,pago,203.28,203.28
1597,82,15,1,2023-09-21,pago,309.17,309.17
1598,232,16,3,2023-04-08,pago,379.24,1137.72
1599,227,13,3,2023-11-09,cancelado,240.56,721.6800000000001
1600,233,17,4,2023-11-25,pago,107.46,429.84
1601,221,3,3,2023-04-25,pago,203.28,609.84
1602,42,20,4,2023-10-03,pago,440.2,1760.8
1603,21,11,1,2023-10-08,pago,485.41,485.41
1604,42,19,1,2023-10-02,pago,311.24,311.24
1605,113,11,1,2023-09-18,pago,485.41,485.41
1606,105,16,2,2023-11-27,pago,379.24,758.48
1607,192,3,4,2023-07-26,pago,203.28,813.12
1608,17,6,1,2023-11-24,pago,361.8,361.8
1609,120,14,4,2023-07-30,pago,305.83,1223.32
1610,129,18,3,2023-08-03,pago,162.51,487.53
1611,130,17,3,2023-02-09,pago,107.46,322.38
1612,60,4,1,2023-01-26,pago,167.31,167.31
1613,48,15,4,2023-01-27,pago,309.17,1236.68
1614,29,11,1,2023-07-09,pago,485.41,485.41
1615,97,3,3,2023-03-24,pago,203.28,609.84
1616,10,3,1,2023-06-19,pago,203.28,203.28
1617,242,16,4,2023-06-16,pago,379.24,1516.96
1618,232,5,3,2023-07-07,pago,273.22,819.6600000000001
1619,277,10,2,2023-06-18,pago,238.08,476.16
1620,284,19,3,2023-10-16,pago,311.24,933.72
1621,203,4,2,2023-08-17,pago,167.31,334.62
1622,247,19,1,2023-04-07,pago,311.24,311.24
1623,290,11,1,2023-01-16,pago,485.41,485.41
1624,264,2,4,2023-10-06,pago,356.73,1426.92
1625,214,10,2,2023-05-15,pago,238.08,476.16
1626,200,11,1,2023-01-26,pago,485.41,485.41
1627,79,20,2,2023-12-18,pago,440.2,880.4
1628,173,16,1,2023-01-12,pago,379.24,379.24
1629,69,19,3,2023-03-13,pago,311.24,933.72
1630,87,11,1,2023-05-13,pago,485.41,485.41
1631,101,14,4,2023-04-16,pago,305.83,1223.32
1632,8,2,3,2023-08-08,pago,356.73,1070.19
1633,200,5,4,2023-06-26,pago,273.22,1092.88
1634,87,5,3,2023-10-09,pago,273.22,819.6600000000001
1635,43,19,2,2023-05-13,pago,311.24,622.48
1636,109,12,4,2023-01-22,pago,296.59,1186.36
1637,152,18,1,2023-09-26,pago,162.51,162.51
1638,17,4,2,2023-06-10,pago,167.31,334.62
1639,133,17,1,2023-04-17,pago,107.46,107.46
1640,148,10,3,2023-10-06,pago,238.08,714.24
1641,277,20,3,2023-12-19,pago,440.2,1320.6
1642,232,6,1,2023-08-23,pago,361.8,361.8
1643,228,14,1,2023-01-18,pago,305.83,305.83
1644,139,11,2,2023-08-30,pago,485.41,970.82
1645,211,11,1,2023-04-27,pago,485.41,485.41
1646,28,18,4,2023-10-13,pago,162.51,650.04
1647,51,18,4,2023-10-09,cancelado,162.51,650.04
1648,261,11,1,2023-05-24,pago,485.41,485.41
1649,261,12,4,2023-07-24,pago,296.59,1186.36
1650,8,5,1,2023-02-08,cancelado,273.22,273.22
1651,138,9,2,2023-06-03,pago,67.63,135.26
1652,38,9,4,2023-06-25,pago,67.63,270.52
1653,111,10,4,2023-08-29,pago,238.08,952.32
1654,220,19,1,2023-05-14,pago,311.24,311.24
1655,223,1,4,2023-02-15,pago,223.43,893.72
1656,136,7,3,2023-02-19,pago,206.75,620.25
1657,256,4,2,2023-06-15,pago,167.31,334.62
1658,49,1,2,2023-04-16,pago,223.43,446.86
1659,292,15,4,2023-08-04,cancelado,309.17,1236.68
1660,78,8,4,2023-05-26,pago,471.49,1885.96
1661,105,12,3,2023-03-13,pago,296.59,889.77
1662,169,18,3,2023-11-26,pago,162.51,487.53
1663,217,15,4,2023-09-30,pago,309.17,1236.68
1664,119,17,4,2023-09-04,pago,107.46,429.84
1665,190,14,3,2023-07-05,cancelado,305.83,917.49
1666,255,14,1,2023-03-11,pago,305.83,305.83
1667,266,18,3,2023-05-30,pago,162.51,487.53
1668,149,20,1,2023-09-03,pago,440.2,440.2
1669,164,18,2,2023-09-19,pago,162.51,325.02
1670,140,16,2,2023-01-26,pago,379.24,758.48
1671,258,1,3,2023-05-20,pago,223.43,670.29
1672,269,11,1,2023-04-09,pago,485.41,485.41
1673,181,15,3,2023-10-05,pago,309.17,927.51
1674,160,12,3,2023-02-20,pago,296.59,889.77
1675,288,8,1,2023-05-31,pago,471.49,471.49
1676,288,20,3,2023-04-14,pago,440.2,1320.6
1677,226,6,2,2023-03-30,pago,361.8,723.6
1678,11,3,4,2023-05-21,pago,203.28,813.12
1679,10,13,4,2023-08-01,pago,240.56,962.24
1680,271,13,3,2023-08-21,cancelado,240.56,721.6800000000001
1681,273,2,1,2023-07-02,cancelado,356.73,356.73
1682,183,5,1,2023-09-08,pago,273.22,273.22
1683,153,17,2,2023-01-09,pago,107.46,214.92
1684,124,6,1,2023-03-20,pago,361.8,361.8
1685,114,2,1,2023-02-21,pago,356.73,356.73
1686,278,4,2,2023-09-26,pago,167.31,334.62
1687,213,11,3,2023-08-14,pago,485.41,1456.23
1688,172,8,4,2023-02-20,pago,471.49,1885.96
1689,288,12,2,2023-07-05,cancelado,296.59,593.18
1690,174,8,3,2023-02-03,pago,471.49,1414.47
1691,113,11,2,2023-10-18,pago,485.41,970.82
1692,122,20,3,2023-08-18,pago,440.2,1320.6
1693,32,8,2,2023-05-11,pago,471.49,942.98
1694,222,8,3,2023-04-30,pago,471.49,1414.47
1695,119,17,2,2023-11-22,pago,107.46,214.92
1696,39,20,3,2023-09-04,pago,440.2,1320.6
1697,268,20,2,2023-07-11,pago,440.2,880.4
1698,233,16,4,2023-11-19,pago,379.24,1516.96
1699,18,14,4,2023-07-29,pago,305.83,1223.32
1700,149,11,1,2023-04-13,pago,485.41,485.41
1701,149,7,3,2023-11-25,pago,206.75,620.25
1702,126,16,2,2023-05-13,pago,379.24,758.48
1703,238,13,3,2023-11-19,pago,240.56,721.6800000000001
1704,135,15,4,2023-05-19,pago,309.17,1236.68
1705,151,16,3,2023-05-01,pago,379.24,1137.72
1706,236,9,2,2023-04-04,pago,67.63,135.26
1707,224,3,3,2023-05-09,pago,203.28,609.84
1708,203,19,2,2023-04-01,pago,311.24,622.48
1709,256,20,4,2023-04-02,pago,440.2,1760.8
1710,86,5,4,2023-03-04,pago,273.22,1092.88
1711,150,10,4,2023-01-29,pago,238.08,952.32
1712,235,17,1,2023-07-29,pago,107.46,107.46
1713,22,15,4,2023-01-12,pago,309.17,1236.68
1714,285,8,3,2023-11-29,pago,471.49,1414.47
1715,269,15,1,2023-10-24,pago,309.17,309.17
1716,258,14,4,2023-05-10,pago,305.83,1223.32
1717,29,20,3,2023-10-20,pago,440.2,1320.6
1718,213,7,3,2023-06-22,pago,206.75,620.25
1719,283,12,3,2023-07-27,pago,296.59,889.77
1720,50,17,2,2023-01-24,pago,107.46,214.92
1721,95,17,1,2023-04-09,pago,107.46,107.46
1722,88,10,3,2023-12-22,pago,238.08,714.24
1723,44,19,2,2023-05-19,pago,311.24,622.48
1724,278,14,4,2023-11-10,pago,305.83,1223.32
1725,171,11,3,2023-06-23,pago,485.41,1456.23
1726,189,2,2,2023-01-29,pago,356.73,713.46
1727,184,18,3,2023-05-23,pago,162.51,487.53
1728,3,7,1,2023-11-12,cancelado,206.75,206.75
1729,191,12,1,2023-12-17,pago,296.59,296.59
1730,118,2,4,2023-02-11,pago,356.73,1426.92
1731,19,20,3,2023-10-26,pago,440.2,1320.6
1732,23,18,2,2023-07-27,pago,162.51,325.02
1733,30,6,4,2023-11-26,pago,361.8,1447.2
1734,295,10,3,2023-07-11,pago,238.08,714.24
1735,108,20,4,2023-06-09,cancelado,440.2,1760.8
1736,281,15,2,2023-03-05,pago,309.17,618.34
1737,128,5,4,2023-08-31,pago,273.22,1092.88
1738,229,20,4,2023-09-15,pago,440.2,1760.8
1739,111,3,4,2023-06-01,pago,203.28,813.12
1740,136,5,3,2023-08-03,pago,273.22,819.6600000000001
1741,186,8,2,2023-11-18,pago,471.49,942.98
1742,144,8,1,2023-06-15,pago,471.49,471.49
1743,72,8,3,2023-01-31,pago,471.49,1414.47
1744,129,12,1,2023-08-20,pago,296.59,296.59
1745,261,8,1,2023-10-09,pago,471.49,471.49
1746,3,11,3,2023-01-29,pago,485.41,1456.23
1747,104,14,3,2023-07-14,pago,305.83,917.49
1748,224,8,2,2023-11-30,pago,471.49,942.98
1749,10,10,2,2023-09-13,pago,238.08,476.16
1750,231,7,4,2023-10-08,pago,206.75,827.0
1751,219,17,1,2023-10-31,pago,107.46,107.46
1752,66,4,2,2023-11-17,pago,167.31,334.62
1753,112,13,4,2023-11-19,pago,240.56,962.24
1754,13,4,2,2023-12-12,pago,167.31,334.62
1755,86,5,3,2023-10-21,pago,273.22,819.6600000000001
1756,234,4,2,2023-03-28,pago,167.31,334.62
1757,90,18,1,2023-05-29,pago,162.51,162.51
1758,54,6,2,2023-09-06,pago,361.8,723.6
1759,12,2,1,2023-11-17,pago,356.73,356.73
1760,209,11,3,2023-10-10,pago,485.41,1456.23
1761,14,14,1,2023-12-28,pago,305.83,305.83
1762,121,5,2,2023-07-17,pago,273.22,546.44
1763,20,6,4,2023-02-13,pago,361.8,1447.2
1764,75,10,3,2023-12-22,pago,238.08,714.24
1765,243,8,2,2023-01-28,pago,471.49,942.98
1766,223,14,3,2023-01-17,pago,305.83,917.49
1767,70,3,3,2023-05-07,pago,203.28,609.84
1768,211,12,2,2023-06-17,cancelado,296.59,593.18
1769,101,16,2,2023-09-01,pago,379.24,758.48
1770,186,17,4,2023-03-17,pago,107.46,429.84
1771,132,1,3,2023-08-19,pago,223.43,670.29
1772,111,10,3,2023-07-23,pago,238.08,714.24
1773,132,10,2,2023-09-05,pago,238.08,476.16
1774,20,2,1,2023-10-29,pago,356.73,356.73
1775,24,9,2,2023-08-02,pago,67.63,135.26
1776,227,13,3,2023-08-03,pago,240.56,721.6800000000001
1777,154,16,2,2023-06-07,pago,379.24,758.48
1778,293,18,4,2023-03-10,pago,162.51,650.04
1779,230,19,1,2023-03-26,pago,311.24,311.24
1780,202,12,2,2023-09-24,pago,296.59,593.18
1781,38,8,4,2023-03-10,pago,471.49,1885.96
1782,260,17,3,2023-04-09,pago,107.46,322.38
1783,188,15,2,2023-12-13,pago,309.17,618.34
1784,57,10,3,2023-08-04,pago,238.08,714.24
1785,20,15,4,2023-06-10,pago,309.17,1236.68
1786,273,15,3,2023-04-04,pago,309.17,927.51
1787,119,7,4,2023-06-23,cancelado,206.75,827.0
1788,71,13,4,2023-06-14,pago,240.56,962.24
1789,4,17,4,2023-04-25,pago,107.46,429.84
1790,221,9,2,2023-08-08,pago,67.63,135.26
1791,14,8,3,2023-01-31,pago,471.49,1414.47
1792,3,20,3,2023-01-11,pago,440.2,1320.6
1793,216,18,1,2023-12-09,pago,162.51,162.51
1794,229,13,1,2023-05-10,pago,240.56,240.56
1795,186,16,1,2023-04-15,pago,379.24,379.24
1796,55,9,1,2023-01-27,pago,67.63,67.63
1797,254,12,3,2023-08-15,pago,296.59,889.77
1798,24,12,4,2023-01-02,pago,296.59,1186.36
1799,162,6,4,2023-12-25,pago,361.8,1447.2
1800,158,19,2,2023-04-11,pago,311.24,622.48
1801,82,7,4,2023-01-21,pago,206.75,827.0
1802,159,3,3,2023-02-27,pago,203.28,609.84
1803,188,16,3,2023-06-29,pago,379.24,1137.72
1804,60,18,3,2023-12-07,pago,162.51,487.53
1805,211,16,2,2023-12-15,cancelado,379.24,758.48
1806,152,7,1,2023-01-20,pago,206.75,206.75
1807,109,4,4,2023-09-12,pago,167.31,669.24
1808,76,8,3,2023-11-13,pago,471.49,1414.47
1809,30,13,3,2023-02-07,pago,240.56,721.6800000000001
1810,117,13,1,2023-05-28,pago,240.56,240.56
1811,192,17,3,2023-01-25,cancelado,107.46,322.38
1812,19,17,4,2023-05-01,pago,107.46,429.84
1813,173,5,2,2023-01-26,cancelado,273.22,546.44
1814,228,6,3,2023-06-18,pago,361.8,1085.4
1815,183,19,4,2023-11-19,pago,311.24,1244.96
1816,113,13,3,2023-08-13,pago,240.56,721.6800000000001
1817,183,14,1,2023-01-01,pago,305.83,305.83
1818,146,4,3,2023-11-03,pago,167.31,501.93
1819,116,7,3,2023-09-18,pago,206.75,620.25
1820,113,8,2,2023-01-13,pago,471.49,942.98
1821,251,13,1,2023-02-17,pago,240.56,240.56
1822,251,6,1,2023-11-09,pago,361.8,361.8
1823,118,6,2,2023-10-18,pago,361.8,723.6
1824,161,3,3,2023-11-28,pago,203.28,609.84
1825,198,3,4,2023-04-04,pago,203.28,813.12
1826,260,13,1,2023-09-18,pago,240.56,240.56
1827,148,2,1,2023-10-05,pago,356.73,356.73
1828,240,16,3,2023-12-25,pago,379.24,1137.72
1829,47,6,3,2023-07-24,pago,361.8,1085.4
1830,198,8,1,2023-07-04,pago,471.49,471.49
1831,47,8,3,2023-06-24,pago,471.49,1414.47
1832,78,6,4,2023-11-05,pago,361.8,1447.2
1833,124,14,1,2023-03-10,cancelado,305.83,305.83
1834,75,3,4,2023-04-14,pago,203.28,813.12
1835,137,10,4,2023-09-03,pago,238.08,952.32
1836,90,3,3,2023-06-10,cancelado,203.28,609.84
1837,61,12,4,2023-07-19,pago,296.59,1186.36
1838,138,17,3,2023-08-04,pago,107.46,322.38
1839,50,5,2,2023-07-31,cancelado,273.22,546.44
1840,259,20,3,2023-01-16,pago,440.2,1320.6
1841,107,9,4,2023-11-28,pago,67.63,270.52
1842,113,20,2,2023-07-24,pago,440.2,880.4
1843,254,7,3,2023-12-31,pago,206.75,620.25
1844,118,4,4,2023-02-08,pago,167.31,669.24
1845,198,13,1,2023-03-30,pago,240.56,240.56
1846,51,13,1,2023-09-13,pago,240.56,240.56
1847,245,10,3,2023-09-11,pago,238.08,714.24
1848,35,18,3,2023-08-04,pago,162.51,487.53
1849,69,17,1,2023-10-30,pago,107.46,107.46
1850,49,20,4,2023-06-21,pago,440.2,1760.8
1851,74,20,4,2023-05-17,pago,440.2,1760.8
1852,192,13,4,2023-06-27,pago,240.56,962.24
1853,261,17,3,2023-03-18,pago,107.46,322.38
1854,70,4,2,2023-07-07,pago,167.31,334.62
1855,90,1,2,2023-01-15,pago,223.43,446.86
1856,260,1,2,2023-10-19,pago,223.43,446.86
1857,126,15,2,2023-11-15,pago,309.17,618.34
1858,231,13,2,2023-11-21,pago,240.56,481.12
1859,295,17,3,2023-08-02,pago,107.46,322.38
1860,129,8,3,2023-07-27,pago,471.49,1414.47
1861,280,18,2,2023-06-18,cancelado,162.51,325.02
1862,100,13,3,2023-11-26,pago,240.56,721.6800000000001
1863,297,14,3,2023-10-07,pago,305.83,917.49
1864,182,8,2,2023-11-01,pago,471.49,942.98
1865,174,8,4,2023-05-26,pago,471.49,1885.96
1866,188,15,3,2023-09-20,cancelado,309.17,927.51
1867,57,13,4,2023-01-04,pago,240.56,962.24
1868,31,7,3,2023-03-31,pago,206.75,620.25
1869,84,5,3,2023-03-01,pago,273.22,819.6600000000001
1870,152,17,2,2023-11-07,pago,107.46,214.92
1871,36,16,3,2023-01-16,pago,379.24,1137.72
1872,213,2,1,2023-08-15,pago,356.73,356.73
1873,106,18,1,2023-01-29,pago,162.51,162.51
1874,220,17,2,2023-05-31,pago,107.46,214.92
1875,163,7,4,2023-09-02,pago,206.75,827.0
1876,220,13,4,2023-09-27,pago,240.56,962.24
1877,270,18,4,2023-03-20,pago,162.51,650.04
1878,120,14,1,2023-10-16,pago,305.83,305.83
1879,182,18,4,2023-06-02,pago,162.51,650.04
1880,106,13,4,2023-10-04,pago,240.56,962.24
1881,217,11,2,2023-10-06,pago,485.41,970.82
1882,205,16,4,2023-02-26,pago,379.24,1516.96
1883,70,17,1,2023-07-05,pago,107.46,107.46
1884,44,8,1,2023-04-03,pago,471.49,471.49
1885,228,19,1,2023-10-03,pago,311.24,311.24
1886,184,20,2,2023-06-07,pago,440.2,880.4
1887,107,15,2,2023-10-02,pago,309.17,618.34
1888,84,9,3,2023-06-30,pago,67.63,202.89
1889,250,20,4,2023-12-25,pago,440.2,1760.8
1890,21,10,2,2023-03-18,pago,238.08,476.16
1891,196,12,1,2023-05-31,pago,296.59,296.59
1892,178,20,1,2023-08-26,pago,440.2,440.2
1893,7,1,2,2023-10-16,pago,223.43,446.86
1894,70,20,2,2023-08-19,pago,440.2,880.4
1895,127,9,2,2023-01-18,pago,67.63,135.26
1896,160,15,3,2023-03-14,pago,309.17,927.51
1897,248,1,1,2023-07-08,pago,223.43,223.43
1898,203,12,3,2023-01-17,pago,296.59,889.77
1899,148,3,3,2023-01-19,pago,203.28,609.84
1900,143,11,4,2023-08-07,pago,485.41,1941.64
1901,199,2,1,2023-11-22,pago,356.73,356.73
1902,154,16,1,2023-04-30,cancelado,379.24,379.24
1903,142,9,2,2023-04-11,cancelado,67.63,135.26
1904,165,15,2,2023-02-03,pago,309.17,618.34
1905,21,12,4,2023-03-25,pago,296.59,1186.36
1906,82,1,3,2023-07-15,pago,223.43,670.29
1907,69,13,2,2023-11-26,pago,240.56,481.12
1908,131,14,2,2023-07-21,pago,305.83,611.66
1909,87,8,1,2023-12-10,pago,471.49,471.49
1910,218,8,1,2023-12-07,pago,471.49,471.49
1911,161,12,2,2023-01-11,pago,296.59,593.18
1912,178,1,1,2023-12-13,pago,223.43,223.43
1913,117,11,4,2023-08-06,pago,485.41,1941.64
1914,196,8,2,2023-09-10,pago,471.49,942.98
1915,86,10,1,2023-08-10,cancelado,238.08,238.08
1916,289,19,4,2023-03-21,pago,311.24,1244.96
1917,81,11,1,2023-01-07,pago,485.41,485.41
1918,152,7,1,2023-09-29,pago,206.75,206.75
1919,61,11,1,2023-08-15,pago,485.41,485.41
1920,61,17,2,2023-01-16,pago,107.46,214.92
1921,28,1,3,2023-01-12,pago,223.43,670.29
1922,43,8,1,2023-10-18,pago,471.49,471.49
1923,169,6,4,2023-08-29,pago,361.8,1447.2
1924,86,18,2,2023-01-21,pago,162.51,325.02
1925,177,6,2,2023-06-27,cancelado,361.8,723.6
1926,17,5,4,2023-08-16,pago,273.22,1092.88
1927,98,13,1,2023-09-30,cancelado,240.56,240.56
1928,198,19,3,2023-10-15,pago,311.24,933.72
1929,98,8,1,2023-10-24,pago,471.49,471.49
1930,65,9,4,2023-05-14,pago,67.63,270.52
1931,5,17,2,2023-10-10,pago,107.46,214.92
1932,2,3,3,2023-06-02,pago,203.28,609.84
1933,22,19,2,2023-03-07,pago,311.24,622.48
1934,112,11,4,2023-05-17,pago,485.41,1941.64
1935,57,17,1,2023-04-02,pago,107.46,107.46
1936,66,19,3,2023-11-13,pago,311.24,933.72
1937,98,2,2,2023-09-16,pago,356.73,713.46
1938,144,8,2,2023-04-13,pago,471.49,942.98
1939,125,19,2,2023-02-24,pago,311.24,622.48
1940,167,7,1,2023-09-14,pago,206.75,206.75
1941,86,17,3,2023-04-11,pago,107.46,322.38
1942,76,6,1,2023-07-17,pago,361.8,361.8
1943,294,19,1,2023-10-28,pago,311.24,311.24
1944,59,6,1,2023-08-14,pago,361.8,361.8
1945,138,2,4,2023-08-25,pago,356.73,1426.92
1946,99,6,4,2023-01-26,pago,361.8,1447.2
1947,192,5,4,2023-05-01,pago,273.22,1092.88
1948,243,19,3,2023-07-01,pago,311.24,933.72
1949,49,20,1,2023-07-18,cancelado,440.2,440.2
1950,32,4,1,2023-10-29,pago,167.31,167.31
1951,277,17,4,2023-09-12,pago,107.46,429.84
1952,20,11,1,2023-05-02,pago,485.41,485.41
1953,154,4,1,2023-01-31,pago,167.31,167.31
1954,68,13,2,2023-11-11,pago,240.56,481.12
1955,214,20,1,2023-10-12,pago,440.2,440.2
1956,143,17,2,2023-04-16,cancelado,107.46,214.92
1957,232,9,1,2023-08-12,pago,67.63,67.63
1958,213,4,3,2023-09-30,cancelado,167.31,501.93
1959,79,14,4,2023-08-20,pago,305.83,1223.32
1960,214,19,2,2023-09-13,pago,311.24,622.48
1961,116,3,4,2023-01-24,pago,203.28,813.12
1962,92,14,2,2023-04-19,pago,305.83,611.66
1963,270,8,2,2023-07-10,pago,471.49,942.98
1964,168,1,2,2023-12-13,cancelado,223.43,446.86
1965,58,10,3,2023-01-25,pago,238.08,714.24
1966,284,18,1,2023-07-06,pago,162.51,162.51
1967,26,16,2,2023-10-15,pago,379.24,758.48
1968,66,8,3,2023-04-26,pago,471.49,1414.47
1969,248,1,2,2023-12-04,pago,223.43,446.86
1970,254,12,1,2023-02-06,pago,296.59,296.59
1971,44,8,2,2023-10-09,pago,471.49,942.98
1972,97,16,3,2023-05-17,pago,379.24,1137.72
1973,42,18,1,2023-08-15,pago,162.51,162.51
1974,227,4,3,2023-11-16,pago,167.31,501.93
1975,262,6,1,2023-11-24,cancelado,361.8,361.8
1976,167,12,1,2023-07-01,pago,296.59,296.59
1977,279,9,4,2023-12-28,pago,67.63,270.52
1978,89,15,4,2023-03-27,pago,309.17,1236.68
1979,178,16,4,2023-02-22,pago,379.24,1516.96
1980,197,12,1,2023-12-14,pago,296.59,296.59
1981,267,14,2,2023-12-21,pago,305.83,611.66
1982,268,13,3,2023-08-23,pago,240.56,721.6800000000001
1983,74,2,3,2023-09-24,pago,356.73,1070.19
1984,8,3,3,2023-10-14,pago,203.28,609.84
1985,297,10,4,2023-04-10,pago,238.08,952.32
1986,164,9,1,2023-03-28,pago,67.63,67.63
1987,85,20,4,2023-01-15,pago,440.2,1760.8
1988,72,8,2,2023-04-11,pago,471.49,942.98
1989,55,10,1,2023-06-14,pago,238.08,238.08
1990,47,19,3,2023-01-29,cancelado,311.24,933.72
1991,238,3,4,2023-04-24,pago,203.28,813.12
1992,104,5,4,2023-04-17,pago,273.22,1092.88
1993,210,3,2,2023-12-30,pago,203.28,406.56
1994,42,16,2,2023-05-10,pago,379.24,758.48
1995,268,17,4,2023-03-25,cancelado,107.46,429.84
1996,263,15,2,2023-09-28,pago,309.17,618.34
1997,259,3,3,2023-09-01,pago,203.28,609.84
1998,283,12,2,2023-08-02,pago,296.59,593.18
1999,114,9,2,2023-11-02,pago,67.63,135.26
2000,40,12,4,2023-06-15,cancelado,296.59,1186.36
